Enquiry_ID,Customer_Name,Age,Income_Bracket,Destination,Enquiry_Date,Budget_INR,Family_Size
1001,Customer_1,22,Low (<5L),Jaipur,2025-01-01 00:00:00.000000,118573.0,5
1002,Customer_2,43,Medium (5-10L),Andaman,2025-01-01 17:30:25.250501,153078.0,2
1003,Customer_3,21,Premium (>20L),Shimla,2025-01-02 11:00:50.501002,119218.0,4
1004,Customer_4,37,Medium (5-10L),Kerala,2025-01-03 04:31:15.751503,179797.0,3
1005,Customer_5,41,High (10-20L),Rishikesh,2025-01-03 22:01:41.002004,239536.0,5
1006,Customer_6,57,High (10-20L),Goa,2025-01-04 15:32:06.252505,168259.0,1
1007,Customer_7,46,Low (<5L),Kerala,2025-01-05 09:02:31.503006,120367.0,5
1008,Customer_8,32,High (10-20L),Udaipur,2025-01-06 02:32:56.753507,220776.0,5
1009,Customer_9,41,Premium (>20L),Manali,2025-01-06 20:03:22.004008,125853.0,6
1010,Customer_10,26,Low (<5L),Goa,2025-01-07 13:33:47.254509,75846.0,6
1011,Customer_11,43,Medium (5-10L),Goa,2025-01-08 07:04:12.505010,178983.0,4
1012,Customer_12,64,Medium (5-10L),Goa,2025-01-09 00:34:37.755511,75000.0,4
1013,Customer_13,60,High (10-20L),Manali,2025-01-09 18:05:03.006012,122596.0,1
1014,Customer_14,44,Low (<5L),Shimla,2025-01-10 11:35:28.256513,222849.0,6
1015,Customer_15,26,Medium (5-10L),Kerala,2025-01-11 05:05:53.507014,172204.0,6
1016,Customer_16,57,High (10-20L),Kerala,2025-01-11 22:36:18.757515,73214.0,1
1017,Customer_17,56,High (10-20L),Jaipur,2025-01-12 16:06:44.008016,139975.0,2
1018,Customer_18,22,Low (<5L),Manali,2025-01-13 09:37:09.258517,237136.0,3
1019,Customer_19,25,High (10-20L),Ladakh,2025-01-14 03:07:34.509018,80281.0,6
1020,Customer_20,62,Low (<5L),Udaipur,2025-01-14 20:37:59.759519,185172.0,2
1021,Customer_21,18,High (10-20L),Manali,2025-01-15 14:08:25.010020,38339.0,2
1022,Customer_22,29,Medium (5-10L),Kerala,2025-01-16 07:38:50.260521,62754.0,3
1023,Customer_23,24,Low (<5L),Rishikesh,2025-01-17 01:09:15.511022,185317.0,2
1024,Customer_24,37,High (10-20L),Coorg,2025-01-17 18:39:40.761523,114000.0,5
1025,Customer_25,62,High (10-20L),Manali,2025-01-18 12:10:06.012024,139917.0,6
1026,Customer_26,23,High (10-20L),Jaipur,2025-01-19 05:40:31.262525,208848.0,6
1027,Customer_27,42,Premium (>20L),Ladakh,2025-01-19 23:10:56.513026,79577.0,6
1028,Customer_28,18,Medium (5-10L),Goa,2025-01-20 16:41:21.763527,36514.0,2
1029,Customer_29,52,Low (<5L),Ladakh,2025-01-21 10:11:47.014028,202402.0,5
1030,Customer_30,27,Low (<5L),Varanasi,2025-01-22 03:42:12.264529,149066.0,2
1031,Customer_31,32,Medium (5-10L),Manali,2025-01-22 21:12:37.515030,99657.0,6
1032,Customer_32,56,Medium (5-10L),Kerala,2025-01-23 14:43:02.765531,118411.0,6
1033,Customer_33,22,Medium (5-10L),Goa,2025-01-24 08:13:28.016032,190818.0,6
1034,Customer_34,64,Medium (5-10L),Kerala,2025-01-25 01:43:53.266533,169107.0,1
1035,Customer_35,27,Medium (5-10L),Varanasi,2025-01-25 19:14:18.517034,55044.0,1
1036,Customer_36,41,Low (<5L),Ladakh,2025-01-26 12:44:43.767535,192127.0,6
1037,Customer_37,53,Medium (5-10L),Manali,2025-01-27 06:15:09.018036,196929.0,6
1038,Customer_38,21,Medium (5-10L),Jaipur,2025-01-27 23:45:34.268537,109313.0,1
1039,Customer_39,26,Medium (5-10L),Ladakh,2025-01-28 17:15:59.519038,244955.0,4
1040,Customer_40,37,Premium (>20L),Darjeeling,2025-01-29 10:46:24.769539,119811.0,2
1041,Customer_41,19,Low (<5L),Kerala,2025-01-30 04:16:50.020040,123617.0,6
1042,Customer_42,18,Medium (5-10L),Kerala,2025-01-30 21:47:15.270541,64460.0,3
1043,Customer_43,34,Medium (5-10L),Shimla,2025-01-31 15:17:40.521042,95376.0,2
1044,Customer_44,49,Medium (5-10L),Goa,2025-02-01 08:48:05.771543,19888.0,2
1045,Customer_45,47,Medium (5-10L),Coorg,2025-02-02 02:18:31.022044,213181.0,2
1046,Customer_46,62,Premium (>20L),Kerala,2025-02-02 19:48:56.272545,38842.0,1
1047,Customer_47,46,Medium (5-10L),Jaipur,2025-02-03 13:19:21.523046,102795.0,1
1048,Customer_48,25,High (10-20L),Udaipur,2025-02-04 06:49:46.773547,38583.0,3
1049,Customer_49,41,High (10-20L),Manali,2025-02-05 00:20:12.024048,142586.0,2
1050,Customer_50,28,Medium (5-10L),Goa,2025-02-05 17:50:37.274549,55272.0,2
1051,Customer_51,59,Premium (>20L),Manali,2025-02-06 11:21:02.525050,63583.0,1
1052,Customer_52,53,Medium (5-10L),Rishikesh,2025-02-07 04:51:27.775551,62971.0,5
1053,Customer_53,18,Medium (5-10L),Goa,2025-02-07 22:21:53.026052,182764.0,2
1054,Customer_54,25,High (10-20L),Kerala,2025-02-08 15:52:18.276553,91771.0,6
1055,Customer_55,41,Medium (5-10L),Manali,2025-02-09 09:22:43.527054,218901.0,1
1056,Customer_56,46,High (10-20L),Ladakh,2025-02-10 02:53:08.777555,,6
1057,Customer_57,50,Medium (5-10L),Goa,2025-02-10 20:23:34.028056,31439.0,2
1058,Customer_58,39,Premium (>20L),Udaipur,2025-02-11 13:53:59.278557,59864.0,5
1059,Customer_59,54,Medium (5-10L),Andaman,2025-02-12 07:24:24.529058,118088.0,2
1060,Customer_60,53,Low (<5L),Jaipur,2025-02-13 00:54:49.779559,170094.0,1
1061,Customer_61,51,Medium (5-10L),Jaipur,2025-02-13 18:25:15.030060,199943.0,3
1062,Customer_62,21,High (10-20L),Ladakh,2025-02-14 11:55:40.280561,22122.0,4
1063,Customer_63,45,High (10-20L),Udaipur,2025-02-15 05:26:05.531062,236490.0,4
1064,Customer_64,51,Medium (5-10L),Goa,2025-02-15 22:56:30.781563,176553.0,2
1065,Customer_65,37,Medium (5-10L),Rishikesh,2025-02-16 16:26:56.032064,127767.0,5
1066,Customer_66,45,Medium (5-10L),Shimla,2025-02-17 09:57:21.282565,243239.0,1
1067,Customer_67,22,Premium (>20L),Shimla,2025-02-18 03:27:46.533066,58359.0,4
1068,Customer_68,37,Low (<5L),Kerala,2025-02-18 20:58:11.783567,49083.0,5
1069,Customer_69,51,High (10-20L),Shimla,2025-02-19 14:28:37.034068,160011.0,5
1070,Customer_70,48,High (10-20L),Ladakh,2025-02-20 07:59:02.284569,230025.0,3
1071,Customer_71,55,Low (<5L),Manali,2025-02-21 01:29:27.535070,65011.0,2
1072,Customer_72,27,Medium (5-10L),Manali,2025-02-21 18:59:52.785571,142889.0,2
1073,Customer_73,47,Medium (5-10L),Ladakh,2025-02-22 12:30:18.036072,,6
1074,Customer_74,35,High (10-20L),Ladakh,2025-02-23 06:00:43.286573,44193.0,1
1075,Customer_75,49,Premium (>20L),Shimla,2025-02-23 23:31:08.537074,117530.0,5
1076,Customer_76,20,Premium (>20L),Udaipur,2025-02-24 17:01:33.787575,18849.0,4
1077,Customer_77,37,Medium (5-10L),Manali,2025-02-25 10:31:59.038076,117338.0,6
1078,Customer_78,36,Low (<5L),Jaipur,2025-02-26 04:02:24.288577,109705.0,1
1079,Customer_79,39,Medium (5-10L),Udaipur,2025-02-26 21:32:49.539078,82868.0,1
1080,Customer_80,21,Medium (5-10L),Kerala,2025-02-27 15:03:14.789579,186078.0,1
1081,Customer_81,29,High (10-20L),Manali,2025-02-28 08:33:40.040080,241482.0,4
1082,Customer_82,34,Low (<5L),Andaman,2025-03-01 02:04:05.290581,98125.0,1
1083,Customer_83,30,Medium (5-10L),Kerala,2025-03-01 19:34:30.541082,180666.0,6
1084,Customer_84,47,Premium (>20L),Manali,2025-03-02 13:04:55.791583,141911.0,3
1085,Customer_85,61,Premium (>20L),Kerala,2025-03-03 06:35:21.042084,47193.0,4
1086,Customer_86,59,Premium (>20L),Manali,2025-03-04 00:05:46.292585,114824.0,5
1087,Customer_87,27,Premium (>20L),Manali,2025-03-04 17:36:11.543086,229360.0,4
1088,Customer_88,30,Premium (>20L),Rishikesh,2025-03-05 11:06:36.793587,23225.0,2
1089,Customer_89,21,Low (<5L),Shimla,2025-03-06 04:37:02.044088,241006.0,2
1090,Customer_90,64,Premium (>20L),Jaipur,2025-03-06 22:07:27.294589,156743.0,5
1091,Customer_91,32,Medium (5-10L),Goa,2025-03-07 15:37:52.545090,103705.0,5
1092,Customer_92,38,Medium (5-10L),Kerala,2025-03-08 09:08:17.795591,59701.0,2
1093,Customer_93,33,Medium (5-10L),Jaipur,2025-03-09 02:38:43.046092,,1
1094,Customer_94,53,Premium (>20L),Kerala,2025-03-09 20:09:08.296593,248840.0,4
1095,Customer_95,22,Medium (5-10L),Manali,2025-03-10 13:39:33.547094,145677.0,4
1096,Customer_96,61,Medium (5-10L),Udaipur,2025-03-11 07:09:58.797595,135761.0,3
1097,Customer_97,26,Medium (5-10L),Manali,2025-03-12 00:40:24.048096,211038.0,1
1098,Customer_98,44,Premium (>20L),Goa,2025-03-12 18:10:49.298597,60026.0,2
1099,Customer_99,61,High (10-20L),Rishikesh,2025-03-13 11:41:14.549098,178490.0,1
1100,Customer_100,41,Low (<5L),Udaipur,2025-03-14 05:11:39.799599,248766.0,6
1101,Customer_101,31,Low (<5L),Manali,2025-03-14 22:42:05.050100,177078.0,1
1102,Customer_102,57,Medium (5-10L),Goa,2025-03-15 16:12:30.300601,51535.0,3
1103,Customer_103,21,Low (<5L),Ladakh,2025-03-16 09:42:55.551102,83783.0,5
1104,Customer_104,47,Medium (5-10L),Andaman,2025-03-17 03:13:20.801603,78533.0,3
1105,Customer_105,30,Low (<5L),Manali,2025-03-17 20:43:46.052104,63537.0,5
1106,Customer_106,30,Medium (5-10L),Ladakh,2025-03-18 14:14:11.302605,237231.0,5
1107,Customer_107,33,Premium (>20L),Manali,2025-03-19 07:44:36.553106,54399.0,2
1108,Customer_108,47,High (10-20L),Udaipur,2025-03-20 01:15:01.803607,173009.0,6
1109,Customer_109,26,Low (<5L),Kerala,2025-03-20 18:45:27.054108,122810.0,5
1110,Customer_110,56,Low (<5L),Jaipur,2025-03-21 12:15:52.304609,43168.0,4
1111,Customer_111,24,Medium (5-10L),Rishikesh,2025-03-22 05:46:17.555110,79136.0,6
1112,Customer_112,39,Medium (5-10L),Kerala,2025-03-22 23:16:42.805611,30986.0,1
1113,Customer_113,62,Medium (5-10L),Manali,2025-03-23 16:47:08.056112,41979.0,6
1114,Customer_114,45,Medium (5-10L),Jaipur,2025-03-24 10:17:33.306613,206691.0,4
1115,Customer_115,25,Medium (5-10L),Coorg,2025-03-25 03:47:58.557114,239948.0,5
1116,Customer_116,35,Low (<5L),Shimla,2025-03-25 21:18:23.807615,178641.0,3
1117,Customer_117,60,High (10-20L),Kerala,2025-03-26 14:48:49.058116,102545.0,3
1118,Customer_118,23,High (10-20L),Rishikesh,2025-03-27 08:19:14.308617,141763.0,3
1119,Customer_119,54,Medium (5-10L),Goa,2025-03-28 01:49:39.559118,247049.0,1
1120,Customer_120,59,High (10-20L),Jaipur,2025-03-28 19:20:04.809619,185364.0,5
1121,Customer_121,59,Medium (5-10L),Andaman,2025-03-29 12:50:30.060120,77519.0,2
1122,Customer_122,47,Medium (5-10L),Manali,2025-03-30 06:20:55.310621,193570.0,2
1123,Customer_123,44,Medium (5-10L),Varanasi,2025-03-30 23:51:20.561122,16204.0,3
1124,Customer_124,18,Medium (5-10L),Darjeeling,2025-03-31 17:21:45.811623,203437.0,4
1125,Customer_125,40,Premium (>20L),Rishikesh,2025-04-01 10:52:11.062124,221233.0,3
1126,Customer_126,52,High (10-20L),Jaipur,2025-04-02 04:22:36.312625,201344.0,4
1127,Customer_127,30,High (10-20L),Goa,2025-04-02 21:53:01.563126,173135.0,1
1128,Customer_128,24,Low (<5L),Manali,2025-04-03 15:23:26.813627,75472.0,2
1129,Customer_129,58,Medium (5-10L),Udaipur,2025-04-04 08:53:52.064128,118165.0,6
1130,Customer_130,52,Medium (5-10L),Jaipur,2025-04-05 02:24:17.314629,184645.0,1
1131,Customer_131,60,Low (<5L),Shimla,2025-04-05 19:54:42.565130,229153.0,4
1132,Customer_132,64,Medium (5-10L),Manali,2025-04-06 13:25:07.815631,164344.0,3
1133,Customer_133,47,Low (<5L),Shimla,2025-04-07 06:55:33.066132,28131.0,6
1134,Customer_134,56,Low (<5L),Darjeeling,2025-04-08 00:25:58.316633,161746.0,6
1135,Customer_135,60,High (10-20L),Udaipur,2025-04-08 17:56:23.567134,76098.0,5
1136,Customer_136,35,High (10-20L),Manali,2025-04-09 11:26:48.817635,107326.0,5
1137,Customer_137,23,High (10-20L),Manali,2025-04-10 04:57:14.068136,,2
1138,Customer_138,33,Low (<5L),Goa,2025-04-10 22:27:39.318637,192576.0,6
1139,Customer_139,30,Low (<5L),Goa,2025-04-11 15:58:04.569138,101090.0,5
1140,Customer_140,59,Low (<5L),Udaipur,2025-04-12 09:28:29.819639,232695.0,1
1141,Customer_141,58,Low (<5L),Kerala,2025-04-13 02:58:55.070140,45089.0,5
1142,Customer_142,46,Low (<5L),Udaipur,2025-04-13 20:29:20.320641,249006.0,3
1143,Customer_143,55,Premium (>20L),Manali,2025-04-14 13:59:45.571142,73836.0,5
1144,Customer_144,27,High (10-20L),Jaipur,2025-04-15 07:30:10.821643,161513.0,2
1145,Customer_145,41,Low (<5L),Andaman,2025-04-16 01:00:36.072144,224240.0,1
1146,Customer_146,39,Medium (5-10L),Varanasi,2025-04-16 18:31:01.322645,,3
1147,Customer_147,22,Premium (>20L),Goa,2025-04-17 12:01:26.573146,221621.0,6
1148,Customer_148,45,Medium (5-10L),Udaipur,2025-04-18 05:31:51.823647,149705.0,5
1149,Customer_149,30,Medium (5-10L),Ladakh,2025-04-18 23:02:17.074148,225408.0,1
1150,Customer_150,59,Medium (5-10L),Goa,2025-04-19 16:32:42.324649,214209.0,2
1151,Customer_151,29,Medium (5-10L),Ladakh,2025-04-20 10:03:07.575150,34196.0,4
1152,Customer_152,24,Medium (5-10L),Manali,2025-04-21 03:33:32.825651,26852.0,6
1153,Customer_153,51,High (10-20L),Jaipur,2025-04-21 21:03:58.076152,90351.0,4
1154,Customer_154,39,Medium (5-10L),Coorg,2025-04-22 14:34:23.326653,41924.0,2
1155,Customer_155,39,High (10-20L),Udaipur,2025-04-23 08:04:48.577154,177978.0,2
1156,Customer_156,48,Low (<5L),Goa,2025-04-24 01:35:13.827655,243861.0,4
1157,Customer_157,61,Medium (5-10L),Rishikesh,2025-04-24 19:05:39.078156,200384.0,3
1158,Customer_158,46,Premium (>20L),Goa,2025-04-25 12:36:04.328657,240704.0,3
1159,Customer_159,30,Low (<5L),Darjeeling,2025-04-26 06:06:29.579158,228910.0,6
1160,Customer_160,30,Medium (5-10L),Ladakh,2025-04-26 23:36:54.829659,194334.0,6
1161,Customer_161,63,Medium (5-10L),Rishikesh,2025-04-27 17:07:20.080160,203316.0,6
1162,Customer_162,54,Medium (5-10L),Goa,2025-04-28 10:37:45.330661,233261.0,1
1163,Customer_163,25,Premium (>20L),Goa,2025-04-29 04:08:10.581162,40977.0,1
1164,Customer_164,39,Medium (5-10L),Kerala,2025-04-29 21:38:35.831663,155498.0,1
1165,Customer_165,59,Medium (5-10L),Jaipur,2025-04-30 15:09:01.082164,73815.0,3
1166,Customer_166,56,Premium (>20L),Shimla,2025-05-01 08:39:26.332665,59932.0,3
1167,Customer_167,33,Low (<5L),Manali,2025-05-02 02:09:51.583166,247471.0,6
1168,Customer_168,61,High (10-20L),Jaipur,2025-05-02 19:40:16.833667,199584.0,4
1169,Customer_169,36,Low (<5L),Goa,2025-05-03 13:10:42.084168,33684.0,4
1170,Customer_170,46,Medium (5-10L),Kerala,2025-05-04 06:41:07.334669,217189.0,3
1171,Customer_171,34,Medium (5-10L),Coorg,2025-05-05 00:11:32.585170,128181.0,5
1172,Customer_172,23,Medium (5-10L),Manali,2025-05-05 17:41:57.835671,95026.0,1
1173,Customer_173,53,Low (<5L),Shimla,2025-05-06 11:12:23.086172,137190.0,5
1174,Customer_174,31,Medium (5-10L),Goa,2025-05-07 04:42:48.336673,163005.0,3
1175,Customer_175,50,Medium (5-10L),Darjeeling,2025-05-07 22:13:13.587174,224510.0,3
1176,Customer_176,41,Premium (>20L),Kerala,2025-05-08 15:43:38.837675,132147.0,1
1177,Customer_177,49,Premium (>20L),Goa,2025-05-09 09:14:04.088176,77930.0,5
1178,Customer_178,51,Medium (5-10L),Shimla,2025-05-10 02:44:29.338677,186763.0,6
1179,Customer_179,63,Premium (>20L),Darjeeling,2025-05-10 20:14:54.589178,35424.0,2
1180,Customer_180,58,High (10-20L),Goa,2025-05-11 13:45:19.839679,74437.0,5
1181,Customer_181,45,Medium (5-10L),Goa,2025-05-12 07:15:45.090180,67876.0,4
1182,Customer_182,32,Low (<5L),Manali,2025-05-13 00:46:10.340681,190789.0,5
1183,Customer_183,63,Medium (5-10L),Kerala,2025-05-13 18:16:35.591182,105115.0,1
1184,Customer_184,59,Medium (5-10L),Coorg,2025-05-14 11:47:00.841683,164971.0,6
1185,Customer_185,60,Low (<5L),Darjeeling,2025-05-15 05:17:26.092184,95975.0,1
1186,Customer_186,50,Premium (>20L),Jaipur,2025-05-15 22:47:51.342685,178766.0,2
1187,Customer_187,52,Premium (>20L),Goa,2025-05-16 16:18:16.593186,104780.0,6
1188,Customer_188,49,Medium (5-10L),Ladakh,2025-05-17 09:48:41.843687,227497.0,4
1189,Customer_189,56,Medium (5-10L),Ladakh,2025-05-18 03:19:07.094188,92947.0,2
1190,Customer_190,36,High (10-20L),Manali,2025-05-18 20:49:32.344689,182791.0,3
1191,Customer_191,27,Premium (>20L),Ladakh,2025-05-19 14:19:57.595190,35807.0,3
1192,Customer_192,27,Medium (5-10L),Varanasi,2025-05-20 07:50:22.845691,,3
1193,Customer_193,31,Medium (5-10L),Goa,2025-05-21 01:20:48.096192,196422.0,6
1194,Customer_194,39,Low (<5L),Jaipur,2025-05-21 18:51:13.346693,54642.0,1
1195,Customer_195,61,Low (<5L),Darjeeling,2025-05-22 12:21:38.597194,62849.0,3
1196,Customer_196,19,Medium (5-10L),Goa,2025-05-23 05:52:03.847695,56821.0,2
1197,Customer_197,49,Low (<5L),Goa,2025-05-23 23:22:29.098196,20611.0,2
1198,Customer_198,32,Low (<5L),Goa,2025-05-24 16:52:54.348697,37118.0,4
1199,Customer_199,34,Medium (5-10L),Udaipur,2025-05-25 10:23:19.599198,182350.0,1
1200,Customer_200,43,High (10-20L),Goa,2025-05-26 03:53:44.849699,188923.0,6
1201,Customer_201,64,Medium (5-10L),Goa,2025-05-26 21:24:10.100200,78880.0,1
1202,Customer_202,51,High (10-20L),Ladakh,2025-05-27 14:54:35.350701,179170.0,5
1203,Customer_203,39,High (10-20L),Udaipur,2025-05-28 08:25:00.601202,76331.0,3
1204,Customer_204,37,High (10-20L),Udaipur,2025-05-29 01:55:25.851703,137498.0,5
1205,Customer_205,36,High (10-20L),Kerala,2025-05-29 19:25:51.102204,138454.0,6
1206,Customer_206,18,Low (<5L),Andaman,2025-05-30 12:56:16.352705,248330.0,1
1207,Customer_207,31,Low (<5L),Goa,2025-05-31 06:26:41.603206,247567.0,2
1208,Customer_208,28,Premium (>20L),Kerala,2025-05-31 23:57:06.853707,126661.0,2
1209,Customer_209,45,Premium (>20L),Jaipur,2025-06-01 17:27:32.104208,30378.0,4
1210,Customer_210,46,Low (<5L),Ladakh,2025-06-02 10:57:57.354709,37836.0,1
1211,Customer_211,26,High (10-20L),Manali,2025-06-03 04:28:22.605210,206660.0,2
1212,Customer_212,51,Low (<5L),Goa,2025-06-03 21:58:47.855711,140369.0,4
1213,Customer_213,54,Low (<5L),Varanasi,2025-06-04 15:29:13.106212,55433.0,3
1214,Customer_214,43,Low (<5L),Manali,2025-06-05 08:59:38.356713,115448.0,5
1215,Customer_215,62,Medium (5-10L),Kerala,2025-06-06 02:30:03.607214,244299.0,3
1216,Customer_216,60,Medium (5-10L),Andaman,2025-06-06 20:00:28.857715,193148.0,5
1217,Customer_217,46,Premium (>20L),Manali,2025-06-07 13:30:54.108216,242607.0,6
1218,Customer_218,25,Medium (5-10L),Jaipur,2025-06-08 07:01:19.358717,122540.0,6
1219,Customer_219,33,Low (<5L),Ladakh,2025-06-09 00:31:44.609218,140209.0,2
1220,Customer_220,18,Medium (5-10L),Goa,2025-06-09 18:02:09.859719,231451.0,4
1221,Customer_221,36,Low (<5L),Goa,2025-06-10 11:32:35.110220,49252.0,3
1222,Customer_222,57,Low (<5L),Rishikesh,2025-06-11 05:03:00.360721,246619.0,6
1223,Customer_223,62,Medium (5-10L),Jaipur,2025-06-11 22:33:25.611222,127199.0,3
1224,Customer_224,18,Medium (5-10L),Goa,2025-06-12 16:03:50.861723,212419.0,2
1225,Customer_225,62,Low (<5L),Manali,2025-06-13 09:34:16.112224,46707.0,4
1226,Customer_226,27,Medium (5-10L),Rishikesh,2025-06-14 03:04:41.362725,212182.0,5
1227,Customer_227,64,Low (<5L),Udaipur,2025-06-14 20:35:06.613226,222184.0,4
1228,Customer_228,52,High (10-20L),Kerala,2025-06-15 14:05:31.863727,23907.0,1
1229,Customer_229,61,Medium (5-10L),Manali,2025-06-16 07:35:57.114228,64183.0,6
1230,Customer_230,23,Low (<5L),Shimla,2025-06-17 01:06:22.364729,237736.0,6
1231,Customer_231,39,Medium (5-10L),Manali,2025-06-17 18:36:47.615230,40382.0,3
1232,Customer_232,34,Low (<5L),Udaipur,2025-06-18 12:07:12.865731,53532.0,2
1233,Customer_233,59,Medium (5-10L),Goa,2025-06-19 05:37:38.116232,231026.0,2
1234,Customer_234,29,Low (<5L),Andaman,2025-06-19 23:08:03.366733,105363.0,2
1235,Customer_235,60,High (10-20L),Udaipur,2025-06-20 16:38:28.617234,179686.0,1
1236,Customer_236,50,Medium (5-10L),Kerala,2025-06-21 10:08:53.867735,69776.0,4
1237,Customer_237,58,Premium (>20L),Kerala,2025-06-22 03:39:19.118236,98347.0,3
1238,Customer_238,54,Medium (5-10L),Ladakh,2025-06-22 21:09:44.368737,106160.0,3
1239,Customer_239,23,Low (<5L),Rishikesh,2025-06-23 14:40:09.619238,175771.0,6
1240,Customer_240,46,High (10-20L),Ladakh,2025-06-24 08:10:34.869739,159204.0,1
1241,Customer_241,61,High (10-20L),Rishikesh,2025-06-25 01:41:00.120240,,1
1242,Customer_242,47,High (10-20L),Goa,2025-06-25 19:11:25.370741,123433.0,2
1243,Customer_243,64,Low (<5L),Jaipur,2025-06-26 12:41:50.621242,,4
1244,Customer_244,60,High (10-20L),Udaipur,2025-06-27 06:12:15.871743,198305.0,1
1245,Customer_245,49,High (10-20L),Kerala,2025-06-27 23:42:41.122244,40709.0,4
1246,Customer_246,25,Medium (5-10L),Varanasi,2025-06-28 17:13:06.372745,,3
1247,Customer_247,46,Medium (5-10L),Kerala,2025-06-29 10:43:31.623246,209829.0,3
1248,Customer_248,32,Medium (5-10L),Jaipur,2025-06-30 04:13:56.873747,34319.0,3
1249,Customer_249,31,Low (<5L),Andaman,2025-06-30 21:44:22.124248,95806.0,5
1250,Customer_250,37,High (10-20L),Jaipur,2025-07-01 15:14:47.374749,118631.0,2
1251,Customer_251,59,High (10-20L),Ladakh,2025-07-02 08:45:12.625250,213223.0,1
1252,Customer_252,31,High (10-20L),Rishikesh,2025-07-03 02:15:37.875751,146042.0,2
1253,Customer_253,42,Medium (5-10L),Darjeeling,2025-07-03 19:46:03.126252,136924.0,1
1254,Customer_254,21,Medium (5-10L),Manali,2025-07-04 13:16:28.376753,244675.0,5
1255,Customer_255,25,Low (<5L),Darjeeling,2025-07-05 06:46:53.627254,167684.0,5
1256,Customer_256,60,Medium (5-10L),Ladakh,2025-07-06 00:17:18.877755,112182.0,5
1257,Customer_257,50,High (10-20L),Jaipur,2025-07-06 17:47:44.128256,76905.0,6
1258,Customer_258,51,Premium (>20L),Jaipur,2025-07-07 11:18:09.378757,199197.0,4
1259,Customer_259,29,Low (<5L),Varanasi,2025-07-08 04:48:34.629258,223632.0,6
1260,Customer_260,45,Low (<5L),Coorg,2025-07-08 22:18:59.879759,164644.0,5
1261,Customer_261,22,Low (<5L),Ladakh,2025-07-09 15:49:25.130260,137581.0,1
1262,Customer_262,56,Medium (5-10L),Jaipur,2025-07-10 09:19:50.380761,77888.0,5
1263,Customer_263,49,High (10-20L),Varanasi,2025-07-11 02:50:15.631262,191511.0,4
1264,Customer_264,48,Low (<5L),Goa,2025-07-11 20:20:40.881763,71905.0,6
1265,Customer_265,32,Medium (5-10L),Goa,2025-07-12 13:51:06.132264,234294.0,4
1266,Customer_266,62,Medium (5-10L),Kerala,2025-07-13 07:21:31.382765,189650.0,5
1267,Customer_267,61,High (10-20L),Ladakh,2025-07-14 00:51:56.633266,163594.0,2
1268,Customer_268,30,Low (<5L),Goa,2025-07-14 18:22:21.883767,49107.0,6
1269,Customer_269,34,Low (<5L),Manali,2025-07-15 11:52:47.134268,234383.0,6
1270,Customer_270,44,Medium (5-10L),Goa,2025-07-16 05:23:12.384769,171308.0,2
1271,Customer_271,50,Medium (5-10L),Manali,2025-07-16 22:53:37.635270,218366.0,5
1272,Customer_272,61,Medium (5-10L),Manali,2025-07-17 16:24:02.885771,113469.0,6
1273,Customer_273,51,High (10-20L),Goa,2025-07-18 09:54:28.136272,149175.0,6
1274,Customer_274,26,High (10-20L),Goa,2025-07-19 03:24:53.386773,216612.0,6
1275,Customer_275,48,Low (<5L),Jaipur,2025-07-19 20:55:18.637274,77340.0,1
1276,Customer_276,51,Medium (5-10L),Goa,2025-07-20 14:25:43.887775,38044.0,3
1277,Customer_277,33,High (10-20L),Udaipur,2025-07-21 07:56:09.138276,225363.0,5
1278,Customer_278,40,Premium (>20L),Jaipur,2025-07-22 01:26:34.388777,156588.0,2
1279,Customer_279,52,Low (<5L),Goa,2025-07-22 18:56:59.639278,150417.0,3
1280,Customer_280,30,High (10-20L),Rishikesh,2025-07-23 12:27:24.889779,224324.0,2
1281,Customer_281,22,Low (<5L),Shimla,2025-07-24 05:57:50.140280,180892.0,2
1282,Customer_282,62,High (10-20L),Jaipur,2025-07-24 23:28:15.390781,,5
1283,Customer_283,38,Medium (5-10L),Goa,2025-07-25 16:58:40.641282,24717.0,1
1284,Customer_284,61,Premium (>20L),Rishikesh,2025-07-26 10:29:05.891783,226967.0,6
1285,Customer_285,36,Medium (5-10L),Udaipur,2025-07-27 03:59:31.142284,153342.0,2
1286,Customer_286,39,Low (<5L),Darjeeling,2025-07-27 21:29:56.392785,37134.0,1
1287,Customer_287,40,High (10-20L),Udaipur,2025-07-28 15:00:21.643286,236963.0,3
1288,Customer_288,36,Medium (5-10L),Ladakh,2025-07-29 08:30:46.893787,58819.0,4
1289,Customer_289,23,High (10-20L),Jaipur,2025-07-30 02:01:12.144288,230304.0,3
1290,Customer_290,57,Low (<5L),Manali,2025-07-30 19:31:37.394789,84754.0,2
1291,Customer_291,23,Medium (5-10L),Goa,2025-07-31 13:02:02.645290,179126.0,6
1292,Customer_292,23,High (10-20L),Shimla,2025-08-01 06:32:27.895791,132030.0,2
1293,Customer_293,24,Low (<5L),Ladakh,2025-08-02 00:02:53.146292,61791.0,6
1294,Customer_294,49,Medium (5-10L),Manali,2025-08-02 17:33:18.396793,176245.0,1
1295,Customer_295,47,High (10-20L),Goa,2025-08-03 11:03:43.647294,105039.0,6
1296,Customer_296,34,High (10-20L),Manali,2025-08-04 04:34:08.897795,225724.0,5
1297,Customer_297,60,High (10-20L),Udaipur,2025-08-04 22:04:34.148296,154242.0,3
1298,Customer_298,64,Medium (5-10L),Manali,2025-08-05 15:34:59.398797,37610.0,1
1299,Customer_299,22,Low (<5L),Goa,2025-08-06 09:05:24.649298,59041.0,3
1300,Customer_300,64,Medium (5-10L),Jaipur,2025-08-07 02:35:49.899799,199018.0,2
1301,Customer_301,56,Medium (5-10L),Jaipur,2025-08-07 20:06:15.150300,184344.0,2
1302,Customer_302,31,Low (<5L),Rishikesh,2025-08-08 13:36:40.400801,57175.0,4
1303,Customer_303,20,High (10-20L),Ladakh,2025-08-09 07:07:05.651302,64505.0,1
1304,Customer_304,30,Low (<5L),Kerala,2025-08-10 00:37:30.901803,150465.0,6
1305,Customer_305,42,Low (<5L),Varanasi,2025-08-10 18:07:56.152304,146086.0,5
1306,Customer_306,45,Premium (>20L),Darjeeling,2025-08-11 11:38:21.402805,202188.0,6
1307,Customer_307,34,High (10-20L),Goa,2025-08-12 05:08:46.653306,233985.0,4
1308,Customer_308,64,Medium (5-10L),Manali,2025-08-12 22:39:11.903807,127325.0,4
1309,Customer_309,23,Medium (5-10L),Jaipur,2025-08-13 16:09:37.154308,217380.0,4
1310,Customer_310,58,High (10-20L),Goa,2025-08-14 09:40:02.404809,15447.0,5
1311,Customer_311,47,Medium (5-10L),Udaipur,2025-08-15 03:10:27.655310,243426.0,5
1312,Customer_312,27,Medium (5-10L),Udaipur,2025-08-15 20:40:52.905811,189108.0,5
1313,Customer_313,62,Medium (5-10L),Manali,2025-08-16 14:11:18.156312,186424.0,4
1314,Customer_314,57,High (10-20L),Andaman,2025-08-17 07:41:43.406813,50013.0,1
1315,Customer_315,32,Low (<5L),Ladakh,2025-08-18 01:12:08.657314,168764.0,4
1316,Customer_316,24,Premium (>20L),Manali,2025-08-18 18:42:33.907815,66564.0,5
1317,Customer_317,20,Medium (5-10L),Ladakh,2025-08-19 12:12:59.158316,202228.0,2
1318,Customer_318,55,Low (<5L),Rishikesh,2025-08-20 05:43:24.408817,39673.0,3
1319,Customer_319,40,High (10-20L),Udaipur,2025-08-20 23:13:49.659318,149239.0,2
1320,Customer_320,64,Low (<5L),Varanasi,2025-08-21 16:44:14.909819,157449.0,2
1321,Customer_321,27,Medium (5-10L),Andaman,2025-08-22 10:14:40.160320,143530.0,4
1322,Customer_322,53,Medium (5-10L),Jaipur,2025-08-23 03:45:05.410821,50715.0,1
1323,Customer_323,33,Low (<5L),Kerala,2025-08-23 21:15:30.661322,234381.0,2
1324,Customer_324,38,High (10-20L),Goa,2025-08-24 14:45:55.911823,182120.0,3
1325,Customer_325,50,High (10-20L),Jaipur,2025-08-25 08:16:21.162324,37895.0,2
1326,Customer_326,53,Low (<5L),Goa,2025-08-26 01:46:46.412825,153261.0,3
1327,Customer_327,39,Low (<5L),Goa,2025-08-26 19:17:11.663326,138817.0,3
1328,Customer_328,24,Low (<5L),Shimla,2025-08-27 12:47:36.913827,142580.0,3
1329,Customer_329,38,Medium (5-10L),Goa,2025-08-28 06:18:02.164328,89307.0,5
1330,Customer_330,18,Low (<5L),Goa,2025-08-28 23:48:27.414829,43520.0,4
1331,Customer_331,38,Medium (5-10L),Rishikesh,2025-08-29 17:18:52.665330,175213.0,5
1332,Customer_332,51,High (10-20L),Ladakh,2025-08-30 10:49:17.915831,,2
1333,Customer_333,39,High (10-20L),Jaipur,2025-08-31 04:19:43.166332,210645.0,2
1334,Customer_334,20,Low (<5L),Shimla,2025-08-31 21:50:08.416833,158955.0,2
1335,Customer_335,29,Medium (5-10L),Manali,2025-09-01 15:20:33.667334,72145.0,6
1336,Customer_336,29,Medium (5-10L),Manali,2025-09-02 08:50:58.917835,142106.0,6
1337,Customer_337,54,Medium (5-10L),Kerala,2025-09-03 02:21:24.168336,190232.0,3
1338,Customer_338,26,Medium (5-10L),Goa,2025-09-03 19:51:49.418837,135656.0,3
1339,Customer_339,63,Medium (5-10L),Rishikesh,2025-09-04 13:22:14.669338,92915.0,1
1340,Customer_340,61,High (10-20L),Andaman,2025-09-05 06:52:39.919839,182184.0,4
1341,Customer_341,25,Medium (5-10L),Shimla,2025-09-06 00:23:05.170340,231676.0,3
1342,Customer_342,25,Medium (5-10L),Darjeeling,2025-09-06 17:53:30.420841,162153.0,3
1343,Customer_343,39,Medium (5-10L),Goa,2025-09-07 11:23:55.671342,66667.0,2
1344,Customer_344,37,Low (<5L),Jaipur,2025-09-08 04:54:20.921843,84233.0,3
1345,Customer_345,57,Medium (5-10L),Andaman,2025-09-08 22:24:46.172344,131511.0,3
1346,Customer_346,40,Medium (5-10L),Darjeeling,2025-09-09 15:55:11.422845,138201.0,1
1347,Customer_347,63,Premium (>20L),Ladakh,2025-09-10 09:25:36.673346,90595.0,6
1348,Customer_348,53,High (10-20L),Rishikesh,2025-09-11 02:56:01.923847,77739.0,1
1349,Customer_349,35,Low (<5L),Manali,2025-09-11 20:26:27.174348,209337.0,1
1350,Customer_350,51,Low (<5L),Manali,2025-09-12 13:56:52.424849,77356.0,2
1351,Customer_351,26,High (10-20L),Goa,2025-09-13 07:27:17.675350,191343.0,3
1352,Customer_352,33,Medium (5-10L),Andaman,2025-09-14 00:57:42.925851,158075.0,4
1353,Customer_353,28,Low (<5L),Manali,2025-09-14 18:28:08.176352,211637.0,4
1354,Customer_354,36,Medium (5-10L),Varanasi,2025-09-15 11:58:33.426853,141906.0,2
1355,Customer_355,45,Medium (5-10L),Goa,2025-09-16 05:28:58.677354,200155.0,1
1356,Customer_356,35,High (10-20L),Shimla,2025-09-16 22:59:23.927855,208070.0,3
1357,Customer_357,44,High (10-20L),Kerala,2025-09-17 16:29:49.178356,44357.0,5
1358,Customer_358,57,Premium (>20L),Goa,2025-09-18 10:00:14.428857,240456.0,1
1359,Customer_359,18,High (10-20L),Rishikesh,2025-09-19 03:30:39.679358,37685.0,6
1360,Customer_360,26,Premium (>20L),Rishikesh,2025-09-19 21:01:04.929859,101190.0,6
1361,Customer_361,31,Medium (5-10L),Rishikesh,2025-09-20 14:31:30.180360,208848.0,3
1362,Customer_362,42,Medium (5-10L),Rishikesh,2025-09-21 08:01:55.430861,39958.0,1
1363,Customer_363,30,Low (<5L),Rishikesh,2025-09-22 01:32:20.681362,143920.0,1
1364,Customer_364,52,High (10-20L),Udaipur,2025-09-22 19:02:45.931863,198465.0,5
1365,Customer_365,21,Low (<5L),Jaipur,2025-09-23 12:33:11.182364,66384.0,3
1366,Customer_366,50,Medium (5-10L),Coorg,2025-09-24 06:03:36.432865,30445.0,5
1367,Customer_367,44,Medium (5-10L),Kerala,2025-09-24 23:34:01.683366,101075.0,4
1368,Customer_368,35,High (10-20L),Manali,2025-09-25 17:04:26.933867,106110.0,3
1369,Customer_369,29,Medium (5-10L),Varanasi,2025-09-26 10:34:52.184368,249762.0,6
1370,Customer_370,19,Low (<5L),Manali,2025-09-27 04:05:17.434869,66254.0,6
1371,Customer_371,55,Medium (5-10L),Kerala,2025-09-27 21:35:42.685370,90247.0,1
1372,Customer_372,55,Low (<5L),Rishikesh,2025-09-28 15:06:07.935871,231753.0,5
1373,Customer_373,27,Medium (5-10L),Shimla,2025-09-29 08:36:33.186372,42146.0,4
1374,Customer_374,45,Medium (5-10L),Jaipur,2025-09-30 02:06:58.436873,137618.0,1
1375,Customer_375,37,Low (<5L),Goa,2025-09-30 19:37:23.687374,199991.0,6
1376,Customer_376,61,Premium (>20L),Ladakh,2025-10-01 13:07:48.937875,164378.0,2
1377,Customer_377,38,Medium (5-10L),Ladakh,2025-10-02 06:38:14.188376,207772.0,6
1378,Customer_378,20,Medium (5-10L),Udaipur,2025-10-03 00:08:39.438877,84709.0,3
1379,Customer_379,26,High (10-20L),Manali,2025-10-03 17:39:04.689378,107661.0,6
1380,Customer_380,38,Low (<5L),Shimla,2025-10-04 11:09:29.939879,,2
1381,Customer_381,28,Medium (5-10L),Udaipur,2025-10-05 04:39:55.190380,172933.0,4
1382,Customer_382,50,Premium (>20L),Darjeeling,2025-10-05 22:10:20.440881,129520.0,4
1383,Customer_383,63,Low (<5L),Udaipur,2025-10-06 15:40:45.691382,86961.0,6
1384,Customer_384,20,High (10-20L),Rishikesh,2025-10-07 09:11:10.941883,58323.0,1
1385,Customer_385,40,Low (<5L),Ladakh,2025-10-08 02:41:36.192384,244179.0,4
1386,Customer_386,21,Medium (5-10L),Darjeeling,2025-10-08 20:12:01.442885,228409.0,2
1387,Customer_387,59,High (10-20L),Manali,2025-10-09 13:42:26.693386,141845.0,6
1388,Customer_388,46,Low (<5L),Rishikesh,2025-10-10 07:12:51.943887,63915.0,6
1389,Customer_389,33,Medium (5-10L),Shimla,2025-10-11 00:43:17.194388,246197.0,1
1390,Customer_390,63,Medium (5-10L),Udaipur,2025-10-11 18:13:42.444889,150208.0,1
1391,Customer_391,56,Medium (5-10L),Goa,2025-10-12 11:44:07.695390,128003.0,5
1392,Customer_392,27,Low (<5L),Jaipur,2025-10-13 05:14:32.945891,72190.0,1
1393,Customer_393,59,Medium (5-10L),Andaman,2025-10-13 22:44:58.196392,43428.0,5
1394,Customer_394,59,Premium (>20L),Udaipur,2025-10-14 16:15:23.446893,58007.0,6
1395,Customer_395,54,Medium (5-10L),Goa,2025-10-15 09:45:48.697394,127146.0,5
1396,Customer_396,58,High (10-20L),Kerala,2025-10-16 03:16:13.947895,63912.0,1
1397,Customer_397,30,Low (<5L),Shimla,2025-10-16 20:46:39.198396,86741.0,6
1398,Customer_398,52,Medium (5-10L),Darjeeling,2025-10-17 14:17:04.448897,189908.0,6
1399,Customer_399,54,Medium (5-10L),Kerala,2025-10-18 07:47:29.699398,96546.0,2
1400,Customer_400,40,Medium (5-10L),Goa,2025-10-19 01:17:54.949899,38617.0,3
1401,Customer_401,23,High (10-20L),Manali,2025-10-19 18:48:20.200400,246708.0,6
1402,Customer_402,33,High (10-20L),Goa,2025-10-20 12:18:45.450901,145480.0,3
1403,Customer_403,21,High (10-20L),Goa,2025-10-21 05:49:10.701402,167547.0,2
1404,Customer_404,55,High (10-20L),Goa,2025-10-21 23:19:35.951903,112175.0,6
1405,Customer_405,40,High (10-20L),Rishikesh,2025-10-22 16:50:01.202404,29889.0,3
1406,Customer_406,64,Medium (5-10L),Rishikesh,2025-10-23 10:20:26.452905,33480.0,6
1407,Customer_407,32,High (10-20L),Kerala,2025-10-24 03:50:51.703406,176561.0,6
1408,Customer_408,54,Medium (5-10L),Darjeeling,2025-10-24 21:21:16.953907,135216.0,4
1409,Customer_409,37,Medium (5-10L),Goa,2025-10-25 14:51:42.204408,99400.0,3
1410,Customer_410,62,Low (<5L),Manali,2025-10-26 08:22:07.454909,107527.0,6
1411,Customer_411,55,High (10-20L),Ladakh,2025-10-27 01:52:32.705410,98268.0,4
1412,Customer_412,64,Medium (5-10L),Kerala,2025-10-27 19:22:57.955911,56025.0,4
1413,Customer_413,41,Low (<5L),Goa,2025-10-28 12:53:23.206412,179627.0,4
1414,Customer_414,23,Medium (5-10L),Andaman,2025-10-29 06:23:48.456913,71731.0,1
1415,Customer_415,42,Low (<5L),Ladakh,2025-10-29 23:54:13.707414,148302.0,3
1416,Customer_416,29,Medium (5-10L),Ladakh,2025-10-30 17:24:38.957915,110241.0,4
1417,Customer_417,44,Medium (5-10L),Jaipur,2025-10-31 10:55:04.208416,183403.0,5
1418,Customer_418,52,High (10-20L),Ladakh,2025-11-01 04:25:29.458917,226848.0,3
1419,Customer_419,34,Low (<5L),Goa,2025-11-01 21:55:54.709418,47525.0,6
1420,Customer_420,59,Low (<5L),Manali,2025-11-02 15:26:19.959919,174550.0,4
1421,Customer_421,37,Medium (5-10L),Rishikesh,2025-11-03 08:56:45.210420,64616.0,2
1422,Customer_422,52,High (10-20L),Ladakh,2025-11-04 02:27:10.460921,171085.0,4
1423,Customer_423,28,High (10-20L),Kerala,2025-11-04 19:57:35.711422,47654.0,2
1424,Customer_424,22,Medium (5-10L),Goa,2025-11-05 13:28:00.961923,125644.0,1
1425,Customer_425,21,Medium (5-10L),Jaipur,2025-11-06 06:58:26.212424,194081.0,2
1426,Customer_426,22,High (10-20L),Varanasi,2025-11-07 00:28:51.462925,88179.0,3
1427,Customer_427,58,High (10-20L),Coorg,2025-11-07 17:59:16.713426,170547.0,1
1428,Customer_428,25,Medium (5-10L),Shimla,2025-11-08 11:29:41.963927,50090.0,1
1429,Customer_429,60,High (10-20L),Goa,2025-11-09 05:00:07.214428,80392.0,6
1430,Customer_430,20,Medium (5-10L),Goa,2025-11-09 22:30:32.464929,93001.0,3
1431,Customer_431,57,Low (<5L),Manali,2025-11-10 16:00:57.715430,27709.0,3
1432,Customer_432,28,Medium (5-10L),Shimla,2025-11-11 09:31:22.965931,228463.0,4
1433,Customer_433,26,High (10-20L),Manali,2025-11-12 03:01:48.216432,36974.0,4
1434,Customer_434,47,High (10-20L),Manali,2025-11-12 20:32:13.466933,30392.0,5
1435,Customer_435,22,Medium (5-10L),Manali,2025-11-13 14:02:38.717434,186746.0,2
1436,Customer_436,18,High (10-20L),Udaipur,2025-11-14 07:33:03.967935,56440.0,5
1437,Customer_437,41,Low (<5L),Kerala,2025-11-15 01:03:29.218436,178847.0,2
1438,Customer_438,38,Medium (5-10L),Darjeeling,2025-11-15 18:33:54.468937,179893.0,1
1439,Customer_439,47,Medium (5-10L),Goa,2025-11-16 12:04:19.719438,183575.0,1
1440,Customer_440,49,Medium (5-10L),Goa,2025-11-17 05:34:44.969939,49095.0,6
1441,Customer_441,60,Low (<5L),Darjeeling,2025-11-17 23:05:10.220440,99554.0,4
1442,Customer_442,40,Medium (5-10L),Goa,2025-11-18 16:35:35.470941,38282.0,4
1443,Customer_443,48,High (10-20L),Udaipur,2025-11-19 10:06:00.721442,216459.0,2
1444,Customer_444,18,Medium (5-10L),Ladakh,2025-11-20 03:36:25.971943,180656.0,3
1445,Customer_445,52,High (10-20L),Manali,2025-11-20 21:06:51.222444,237458.0,5
1446,Customer_446,38,Medium (5-10L),Manali,2025-11-21 14:37:16.472945,243280.0,4
1447,Customer_447,33,High (10-20L),Udaipur,2025-11-22 08:07:41.723446,159995.0,5
1448,Customer_448,38,Medium (5-10L),Goa,2025-11-23 01:38:06.973947,208063.0,5
1449,Customer_449,35,High (10-20L),Coorg,2025-11-23 19:08:32.224448,220054.0,4
1450,Customer_450,28,Medium (5-10L),Goa,2025-11-24 12:38:57.474949,234048.0,5
1451,Customer_451,18,High (10-20L),Goa,2025-11-25 06:09:22.725450,242347.0,3
1452,Customer_452,18,Low (<5L),Rishikesh,2025-11-25 23:39:47.975951,157475.0,1
1453,Customer_453,52,Low (<5L),Goa,2025-11-26 17:10:13.226452,98570.0,1
1454,Customer_454,53,Premium (>20L),Varanasi,2025-11-27 10:40:38.476953,142552.0,1
1455,Customer_455,46,Medium (5-10L),Kerala,2025-11-28 04:11:03.727454,157309.0,6
1456,Customer_456,59,Low (<5L),Goa,2025-11-28 21:41:28.977955,217590.0,6
1457,Customer_457,53,Medium (5-10L),Goa,2025-11-29 15:11:54.228456,103523.0,1
1458,Customer_458,39,Premium (>20L),Ladakh,2025-11-30 08:42:19.478957,35446.0,3
1459,Customer_459,56,High (10-20L),Darjeeling,2025-12-01 02:12:44.729458,55921.0,4
1460,Customer_460,63,Premium (>20L),Manali,2025-12-01 19:43:09.979959,132792.0,5
1461,Customer_461,42,Premium (>20L),Jaipur,2025-12-02 13:13:35.230460,167147.0,3
1462,Customer_462,40,Medium (5-10L),Ladakh,2025-12-03 06:44:00.480961,79097.0,3
1463,Customer_463,41,Low (<5L),Rishikesh,2025-12-04 00:14:25.731462,,4
1464,Customer_464,46,Low (<5L),Udaipur,2025-12-04 17:44:50.981963,77013.0,4
1465,Customer_465,29,Medium (5-10L),Jaipur,2025-12-05 11:15:16.232464,44054.0,6
1466,Customer_466,29,Medium (5-10L),Jaipur,2025-12-06 04:45:41.482965,74603.0,1
1467,Customer_467,40,Premium (>20L),Darjeeling,2025-12-06 22:16:06.733466,197449.0,6
1468,Customer_468,46,Low (<5L),Andaman,2025-12-07 15:46:31.983967,189234.0,3
1469,Customer_469,54,High (10-20L),Jaipur,2025-12-08 09:16:57.234468,141494.0,6
1470,Customer_470,20,High (10-20L),Varanasi,2025-12-09 02:47:22.484969,217496.0,6
1471,Customer_471,47,High (10-20L),Goa,2025-12-09 20:17:47.735470,244967.0,4
1472,Customer_472,57,Low (<5L),Shimla,2025-12-10 13:48:12.985971,167074.0,6
1473,Customer_473,59,Low (<5L),Andaman,2025-12-11 07:18:38.236472,139181.0,1
1474,Customer_474,60,High (10-20L),Ladakh,2025-12-12 00:49:03.486973,120796.0,2
1475,Customer_475,26,Medium (5-10L),Rishikesh,2025-12-12 18:19:28.737474,134169.0,1
1476,Customer_476,56,Medium (5-10L),Goa,2025-12-13 11:49:53.987975,65668.0,5
1477,Customer_477,44,Medium (5-10L),Darjeeling,2025-12-14 05:20:19.238476,169670.0,1
1478,Customer_478,35,Low (<5L),Rishikesh,2025-12-14 22:50:44.488977,189570.0,5
1479,Customer_479,34,Premium (>20L),Ladakh,2025-12-15 16:21:09.739478,67618.0,5
1480,Customer_480,25,High (10-20L),Ladakh,2025-12-16 09:51:34.989979,148842.0,3
1481,Customer_481,22,Premium (>20L),Goa,2025-12-17 03:22:00.240480,,5
1482,Customer_482,64,High (10-20L),Darjeeling,2025-12-17 20:52:25.490981,,2
1483,Customer_483,21,Medium (5-10L),Kerala,2025-12-18 14:22:50.741482,156150.0,4
1484,Customer_484,41,High (10-20L),Ladakh,2025-12-19 07:53:15.991983,134976.0,6
1485,Customer_485,64,Low (<5L),Goa,2025-12-20 01:23:41.242484,142015.0,4
1486,Customer_486,46,High (10-20L),Ladakh,2025-12-20 18:54:06.492985,49775.0,6
1487,Customer_487,62,Low (<5L),Manali,2025-12-21 12:24:31.743486,105361.0,2
1488,Customer_488,54,Medium (5-10L),Udaipur,2025-12-22 05:54:56.993987,248197.0,2
1489,Customer_489,49,High (10-20L),Goa,2025-12-22 23:25:22.244488,245420.0,6
1490,Customer_490,58,Medium (5-10L),Goa,2025-12-23 16:55:47.494989,167608.0,1
1491,Customer_491,39,High (10-20L),Manali,2025-12-24 10:26:12.745490,132089.0,2
1492,Customer_492,18,Medium (5-10L),Jaipur,2025-12-25 03:56:37.995991,23412.0,6
1493,Customer_493,46,Medium (5-10L),Darjeeling,2025-12-25 21:27:03.246492,114299.0,5
1494,Customer_494,25,Medium (5-10L),Goa,2025-12-26 14:57:28.496993,40912.0,2
1495,Customer_495,61,Low (<5L),Ladakh,2025-12-27 08:27:53.747494,156958.0,6
1496,Customer_496,44,Medium (5-10L),Goa,2025-12-28 01:58:18.997995,20184.0,6
1497,Customer_497,23,High (10-20L),Jaipur,2025-12-28 19:28:44.248496,58762.0,3
1498,Customer_498,30,Low (<5L),Manali,2025-12-29 12:59:09.498997,173474.0,6
1499,Customer_499,19,Medium (5-10L),Goa,2025-12-30 06:29:34.749499,234780.0,2
1500,Customer_500,39,Premium (>20L),Kerala,2025-12-31 00:00:00.000000,182012.0,4
