match_id,season,match_date,team1,team2,stadium,toss_winner,winner,team1_runs,team2_runs,team1_overs,team2_overs
1,2018,2018-05-06,Chennai Super Kings,Royal Challengers Bangalore,Rajiv Gandhi Stadium,Royal Challengers Bangalore,Chennai Super Kings,181,147,20.0,18.9
2,2018,2018-03-08,Royal Challengers Bangalore,Sunrisers Hyderabad,Eden Gardens,Royal Challengers Bangalore,Sunrisers Hyderabad,167,194,18.9,18.3
3,2018,2018-05-12,Kolkata Knight Riders,Royal Challengers Bangalore,Rajiv Gandhi Stadium,Royal Challengers Bangalore,Royal Challengers Bangalore,124,162,19.1,19.4
4,2018,2018-04-16,Kolkata Knight Riders,Mumbai Indians,Wankhede Stadium,Kolkata Knight Riders,Mumbai Indians,122,178,18.3,19.5
5,2018,2018-05-25,Chennai Super Kings,Mumbai Indians,Eden Gardens,Mumbai Indians,Chennai Super Kings,150,129,19.6,18.4
6,2018,2018-04-10,Mumbai Indians,Kolkata Knight Riders,Sawai Mansingh Stadium,Kolkata Knight Riders,Kolkata Knight Riders,145,163,19.8,19.8
7,2018,2018-03-23,Delhi Capitals,Royal Challengers Bangalore,Rajiv Gandhi Stadium,Royal Challengers Bangalore,Delhi Capitals,182,169,18.5,19.7
8,2018,2018-05-11,Punjab Kings,Kolkata Knight Riders,Sawai Mansingh Stadium,Punjab Kings,Kolkata Knight Riders,190,196,19.5,18.4
9,2018,2018-03-04,Mumbai Indians,Punjab Kings,M. Chinnaswamy Stadium,Punjab Kings,Punjab Kings,162,164,19.5,19.9
10,2018,2018-05-08,Chennai Super Kings,Kolkata Knight Riders,M. Chinnaswamy Stadium,Kolkata Knight Riders,Chennai Super Kings,167,140,19.4,19.4
11,2018,2018-03-06,Sunrisers Hyderabad,Mumbai Indians,Eden Gardens,Mumbai Indians,Mumbai Indians,182,184,18.8,18.5
12,2018,2018-04-02,Mumbai Indians,Royal Challengers Bangalore,Rajiv Gandhi Stadium,Royal Challengers Bangalore,Royal Challengers Bangalore,127,156,18.1,18.5
13,2018,2018-03-24,Sunrisers Hyderabad,Mumbai Indians,M. Chinnaswamy Stadium,Mumbai Indians,Mumbai Indians,128,163,19.3,18.3
14,2018,2018-03-27,Punjab Kings,Kolkata Knight Riders,MA Chidambaram Stadium,Punjab Kings,Punjab Kings,203,187,19.8,19.0
15,2018,2018-04-10,Delhi Capitals,Sunrisers Hyderabad,M. Chinnaswamy Stadium,Sunrisers Hyderabad,Sunrisers Hyderabad,196,218,18.9,19.2
16,2018,2018-05-01,Chennai Super Kings,Rajasthan Royals,MA Chidambaram Stadium,Chennai Super Kings,Chennai Super Kings,218,212,18.0,19.4
17,2018,2018-03-05,Rajasthan Royals,Punjab Kings,Narendra Modi Stadium,Rajasthan Royals,Rajasthan Royals,194,173,18.5,18.8
18,2018,2018-03-28,Chennai Super Kings,Kolkata Knight Riders,Rajiv Gandhi Stadium,Chennai Super Kings,Chennai Super Kings,143,123,19.3,19.6
19,2018,2018-03-20,Mumbai Indians,Delhi Capitals,MA Chidambaram Stadium,Mumbai Indians,Delhi Capitals,158,188,19.9,18.8
20,2018,2018-05-23,Chennai Super Kings,Mumbai Indians,M. Chinnaswamy Stadium,Mumbai Indians,Mumbai Indians,145,210,19.5,19.5
21,2018,2018-05-08,Kolkata Knight Riders,Sunrisers Hyderabad,Eden Gardens,Sunrisers Hyderabad,Kolkata Knight Riders,179,128,18.8,19.1
22,2018,2018-04-27,Rajasthan Royals,Delhi Capitals,Narendra Modi Stadium,Rajasthan Royals,Delhi Capitals,151,169,18.3,19.5
23,2018,2018-04-10,Punjab Kings,Rajasthan Royals,Wankhede Stadium,Punjab Kings,Rajasthan Royals,185,196,19.5,19.9
24,2018,2018-03-28,Royal Challengers Bangalore,Kolkata Knight Riders,Narendra Modi Stadium,Royal Challengers Bangalore,Royal Challengers Bangalore,165,128,18.6,20.0
25,2018,2018-05-15,Mumbai Indians,Delhi Capitals,Wankhede Stadium,Delhi Capitals,Delhi Capitals,184,199,19.9,19.4
26,2018,2018-03-08,Punjab Kings,Rajasthan Royals,Rajiv Gandhi Stadium,Rajasthan Royals,Rajasthan Royals,129,148,18.0,19.3
27,2018,2018-03-21,Rajasthan Royals,Delhi Capitals,Rajiv Gandhi Stadium,Delhi Capitals,Rajasthan Royals,178,150,18.8,18.7
28,2018,2018-04-21,Mumbai Indians,Kolkata Knight Riders,Sawai Mansingh Stadium,Mumbai Indians,Mumbai Indians,182,167,19.4,19.8
29,2018,2018-05-01,Rajasthan Royals,Mumbai Indians,Sawai Mansingh Stadium,Mumbai Indians,Rajasthan Royals,169,159,19.2,19.6
30,2018,2018-03-17,Chennai Super Kings,Punjab Kings,Arun Jaitley Stadium,Punjab Kings,Punjab Kings,170,211,18.3,19.1
31,2018,2018-04-12,Rajasthan Royals,Punjab Kings,Rajiv Gandhi Stadium,Punjab Kings,Punjab Kings,133,141,19.4,18.4
32,2018,2018-03-22,Royal Challengers Bangalore,Chennai Super Kings,Wankhede Stadium,Royal Challengers Bangalore,Chennai Super Kings,161,185,18.5,19.7
33,2018,2018-05-22,Royal Challengers Bangalore,Mumbai Indians,MA Chidambaram Stadium,Mumbai Indians,Mumbai Indians,140,170,18.9,18.9
34,2018,2018-03-02,Rajasthan Royals,Delhi Capitals,M. Chinnaswamy Stadium,Delhi Capitals,Rajasthan Royals,199,154,18.2,20.0
35,2018,2018-04-23,Delhi Capitals,Sunrisers Hyderabad,Narendra Modi Stadium,Delhi Capitals,Sunrisers Hyderabad,129,184,19.2,18.8
36,2018,2018-03-12,Punjab Kings,Mumbai Indians,Eden Gardens,Punjab Kings,Mumbai Indians,132,159,18.4,18.7
37,2018,2018-03-08,Chennai Super Kings,Mumbai Indians,Rajiv Gandhi Stadium,Chennai Super Kings,Chennai Super Kings,159,144,18.8,19.8
38,2018,2018-05-07,Punjab Kings,Sunrisers Hyderabad,Eden Gardens,Punjab Kings,Sunrisers Hyderabad,130,175,19.8,19.5
39,2018,2018-04-05,Chennai Super Kings,Kolkata Knight Riders,Sawai Mansingh Stadium,Kolkata Knight Riders,Kolkata Knight Riders,180,206,19.6,18.7
40,2018,2018-05-27,Delhi Capitals,Chennai Super Kings,MA Chidambaram Stadium,Delhi Capitals,Chennai Super Kings,129,205,18.1,19.0
41,2019,2019-05-26,Royal Challengers Bangalore,Chennai Super Kings,MA Chidambaram Stadium,Chennai Super Kings,Chennai Super Kings,127,140,18.1,19.0
42,2019,2019-05-07,Sunrisers Hyderabad,Mumbai Indians,Eden Gardens,Sunrisers Hyderabad,Mumbai Indians,149,165,19.1,18.8
43,2019,2019-05-21,Sunrisers Hyderabad,Kolkata Knight Riders,Narendra Modi Stadium,Sunrisers Hyderabad,Kolkata Knight Riders,147,184,18.1,18.7
44,2019,2019-03-09,Chennai Super Kings,Kolkata Knight Riders,Narendra Modi Stadium,Kolkata Knight Riders,Chennai Super Kings,181,140,19.7,18.9
45,2019,2019-04-01,Kolkata Knight Riders,Mumbai Indians,Wankhede Stadium,Mumbai Indians,Kolkata Knight Riders,169,146,19.9,19.9
46,2019,2019-05-17,Delhi Capitals,Mumbai Indians,MA Chidambaram Stadium,Delhi Capitals,Delhi Capitals,216,168,19.3,18.3
47,2019,2019-04-03,Sunrisers Hyderabad,Mumbai Indians,Arun Jaitley Stadium,Mumbai Indians,Sunrisers Hyderabad,219,177,19.5,19.8
48,2019,2019-03-01,Royal Challengers Bangalore,Punjab Kings,M. Chinnaswamy Stadium,Punjab Kings,Punjab Kings,189,205,19.6,18.7
49,2019,2019-04-17,Sunrisers Hyderabad,Rajasthan Royals,Eden Gardens,Sunrisers Hyderabad,Sunrisers Hyderabad,214,133,18.4,19.1
50,2019,2019-04-25,Rajasthan Royals,Kolkata Knight Riders,M. Chinnaswamy Stadium,Rajasthan Royals,Rajasthan Royals,204,174,19.2,18.9
51,2019,2019-04-09,Royal Challengers Bangalore,Delhi Capitals,Arun Jaitley Stadium,Delhi Capitals,Delhi Capitals,143,175,19.7,18.4
52,2019,2019-05-05,Kolkata Knight Riders,Rajasthan Royals,Sawai Mansingh Stadium,Kolkata Knight Riders,Rajasthan Royals,124,163,19.2,19.6
53,2019,2019-05-10,Royal Challengers Bangalore,Mumbai Indians,Rajiv Gandhi Stadium,Royal Challengers Bangalore,Royal Challengers Bangalore,170,124,18.0,19.3
54,2019,2019-03-01,Punjab Kings,Mumbai Indians,Sawai Mansingh Stadium,Punjab Kings,Punjab Kings,213,190,19.6,19.0
55,2019,2019-04-20,Delhi Capitals,Sunrisers Hyderabad,M. Chinnaswamy Stadium,Sunrisers Hyderabad,Sunrisers Hyderabad,162,179,18.7,19.1
56,2019,2019-03-07,Mumbai Indians,Sunrisers Hyderabad,MA Chidambaram Stadium,Mumbai Indians,Sunrisers Hyderabad,167,203,18.5,19.6
57,2019,2019-04-04,Delhi Capitals,Sunrisers Hyderabad,Wankhede Stadium,Sunrisers Hyderabad,Sunrisers Hyderabad,151,201,18.3,19.5
58,2019,2019-03-22,Rajasthan Royals,Delhi Capitals,Arun Jaitley Stadium,Rajasthan Royals,Delhi Capitals,137,183,19.5,19.0
59,2019,2019-04-02,Delhi Capitals,Punjab Kings,Narendra Modi Stadium,Delhi Capitals,Delhi Capitals,144,138,18.6,18.5
60,2019,2019-05-12,Mumbai Indians,Sunrisers Hyderabad,Eden Gardens,Mumbai Indians,Sunrisers Hyderabad,196,210,18.9,19.0
61,2019,2019-05-15,Sunrisers Hyderabad,Delhi Capitals,Eden Gardens,Delhi Capitals,Delhi Capitals,138,164,18.8,18.9
62,2019,2019-05-24,Royal Challengers Bangalore,Punjab Kings,Arun Jaitley Stadium,Royal Challengers Bangalore,Royal Challengers Bangalore,202,178,19.7,19.5
63,2019,2019-04-10,Mumbai Indians,Chennai Super Kings,Sawai Mansingh Stadium,Mumbai Indians,Mumbai Indians,141,121,19.6,18.7
64,2019,2019-03-08,Royal Challengers Bangalore,Kolkata Knight Riders,Sawai Mansingh Stadium,Royal Challengers Bangalore,Royal Challengers Bangalore,145,139,18.0,18.3
65,2019,2019-03-18,Mumbai Indians,Punjab Kings,Wankhede Stadium,Punjab Kings,Punjab Kings,135,217,18.2,19.4
66,2019,2019-05-26,Kolkata Knight Riders,Punjab Kings,Arun Jaitley Stadium,Kolkata Knight Riders,Kolkata Knight Riders,196,192,18.2,18.4
67,2019,2019-05-16,Kolkata Knight Riders,Royal Challengers Bangalore,MA Chidambaram Stadium,Royal Challengers Bangalore,Kolkata Knight Riders,207,165,19.8,18.8
68,2019,2019-04-24,Kolkata Knight Riders,Royal Challengers Bangalore,Sawai Mansingh Stadium,Kolkata Knight Riders,Royal Challengers Bangalore,124,201,18.2,19.9
69,2019,2019-04-26,Rajasthan Royals,Punjab Kings,M. Chinnaswamy Stadium,Punjab Kings,Punjab Kings,163,167,19.3,19.3
70,2019,2019-03-25,Rajasthan Royals,Kolkata Knight Riders,Wankhede Stadium,Kolkata Knight Riders,Rajasthan Royals,194,131,19.0,19.6
71,2019,2019-03-02,Chennai Super Kings,Punjab Kings,MA Chidambaram Stadium,Punjab Kings,Punjab Kings,134,154,19.3,18.9
72,2019,2019-05-07,Delhi Capitals,Punjab Kings,Rajiv Gandhi Stadium,Delhi Capitals,Delhi Capitals,200,180,18.4,19.8
73,2019,2019-05-07,Kolkata Knight Riders,Royal Challengers Bangalore,MA Chidambaram Stadium,Royal Challengers Bangalore,Kolkata Knight Riders,175,143,19.5,18.0
74,2019,2019-05-15,Chennai Super Kings,Kolkata Knight Riders,Arun Jaitley Stadium,Chennai Super Kings,Kolkata Knight Riders,141,163,18.0,19.5
75,2019,2019-03-23,Royal Challengers Bangalore,Delhi Capitals,Narendra Modi Stadium,Delhi Capitals,Delhi Capitals,144,155,19.4,19.8
76,2019,2019-05-22,Delhi Capitals,Royal Challengers Bangalore,M. Chinnaswamy Stadium,Royal Challengers Bangalore,Royal Challengers Bangalore,167,203,18.3,19.4
77,2019,2019-03-24,Mumbai Indians,Kolkata Knight Riders,Arun Jaitley Stadium,Kolkata Knight Riders,Kolkata Knight Riders,161,191,18.8,20.0
78,2019,2019-03-28,Sunrisers Hyderabad,Kolkata Knight Riders,MA Chidambaram Stadium,Kolkata Knight Riders,Kolkata Knight Riders,147,198,19.5,18.5
79,2019,2019-03-21,Kolkata Knight Riders,Mumbai Indians,Rajiv Gandhi Stadium,Kolkata Knight Riders,Mumbai Indians,183,203,19.4,19.0
80,2019,2019-03-06,Sunrisers Hyderabad,Royal Challengers Bangalore,MA Chidambaram Stadium,Sunrisers Hyderabad,Sunrisers Hyderabad,186,169,18.1,19.4
81,2020,2020-05-10,Punjab Kings,Kolkata Knight Riders,Sawai Mansingh Stadium,Punjab Kings,Kolkata Knight Riders,129,201,18.7,18.4
82,2020,2020-04-12,Punjab Kings,Sunrisers Hyderabad,MA Chidambaram Stadium,Sunrisers Hyderabad,Punjab Kings,218,170,19.9,19.1
83,2020,2020-04-28,Kolkata Knight Riders,Delhi Capitals,Rajiv Gandhi Stadium,Delhi Capitals,Delhi Capitals,179,200,19.8,19.8
84,2020,2020-03-01,Delhi Capitals,Mumbai Indians,Narendra Modi Stadium,Mumbai Indians,Mumbai Indians,146,200,18.3,18.2
85,2020,2020-03-06,Delhi Capitals,Kolkata Knight Riders,M. Chinnaswamy Stadium,Kolkata Knight Riders,Delhi Capitals,208,147,19.0,18.1
86,2020,2020-03-04,Delhi Capitals,Rajasthan Royals,Arun Jaitley Stadium,Delhi Capitals,Rajasthan Royals,161,199,19.4,19.2
87,2020,2020-04-24,Chennai Super Kings,Delhi Capitals,MA Chidambaram Stadium,Delhi Capitals,Delhi Capitals,152,161,18.4,18.8
88,2020,2020-03-03,Kolkata Knight Riders,Mumbai Indians,MA Chidambaram Stadium,Mumbai Indians,Mumbai Indians,149,158,19.6,19.5
89,2020,2020-04-16,Punjab Kings,Royal Challengers Bangalore,M. Chinnaswamy Stadium,Punjab Kings,Punjab Kings,212,198,18.9,18.1
90,2020,2020-03-10,Mumbai Indians,Delhi Capitals,Sawai Mansingh Stadium,Mumbai Indians,Mumbai Indians,190,135,19.2,18.0
91,2020,2020-05-28,Chennai Super Kings,Delhi Capitals,Eden Gardens,Chennai Super Kings,Chennai Super Kings,176,131,19.1,18.7
92,2020,2020-03-10,Sunrisers Hyderabad,Punjab Kings,Sawai Mansingh Stadium,Punjab Kings,Sunrisers Hyderabad,215,153,18.4,18.6
93,2020,2020-04-18,Mumbai Indians,Punjab Kings,M. Chinnaswamy Stadium,Punjab Kings,Mumbai Indians,203,160,19.1,19.5
94,2020,2020-04-10,Mumbai Indians,Chennai Super Kings,Eden Gardens,Mumbai Indians,Mumbai Indians,202,145,19.8,18.9
95,2020,2020-05-19,Royal Challengers Bangalore,Delhi Capitals,Sawai Mansingh Stadium,Delhi Capitals,Royal Challengers Bangalore,218,144,19.4,18.6
96,2020,2020-05-17,Punjab Kings,Rajasthan Royals,Rajiv Gandhi Stadium,Punjab Kings,Punjab Kings,200,153,18.4,18.4
97,2020,2020-03-17,Chennai Super Kings,Kolkata Knight Riders,M. Chinnaswamy Stadium,Kolkata Knight Riders,Chennai Super Kings,216,181,18.8,19.1
98,2020,2020-05-01,Rajasthan Royals,Kolkata Knight Riders,Wankhede Stadium,Kolkata Knight Riders,Rajasthan Royals,192,128,18.4,19.1
99,2020,2020-03-14,Royal Challengers Bangalore,Delhi Capitals,Rajiv Gandhi Stadium,Delhi Capitals,Royal Challengers Bangalore,207,206,18.8,19.2
100,2020,2020-04-24,Royal Challengers Bangalore,Kolkata Knight Riders,MA Chidambaram Stadium,Kolkata Knight Riders,Royal Challengers Bangalore,173,145,19.8,19.3
101,2020,2020-04-17,Sunrisers Hyderabad,Royal Challengers Bangalore,MA Chidambaram Stadium,Sunrisers Hyderabad,Royal Challengers Bangalore,127,205,18.7,18.7
102,2020,2020-03-04,Sunrisers Hyderabad,Rajasthan Royals,Eden Gardens,Rajasthan Royals,Sunrisers Hyderabad,206,140,19.9,18.5
103,2020,2020-05-22,Delhi Capitals,Punjab Kings,Arun Jaitley Stadium,Delhi Capitals,Delhi Capitals,218,194,18.3,19.2
104,2020,2020-04-27,Mumbai Indians,Kolkata Knight Riders,Eden Gardens,Kolkata Knight Riders,Kolkata Knight Riders,192,196,18.4,19.9
105,2020,2020-05-15,Rajasthan Royals,Royal Challengers Bangalore,Eden Gardens,Rajasthan Royals,Royal Challengers Bangalore,138,143,19.9,18.8
106,2020,2020-03-04,Chennai Super Kings,Royal Challengers Bangalore,Rajiv Gandhi Stadium,Royal Challengers Bangalore,Royal Challengers Bangalore,135,206,19.3,19.3
107,2020,2020-05-16,Mumbai Indians,Chennai Super Kings,Eden Gardens,Mumbai Indians,Chennai Super Kings,168,203,18.7,18.8
108,2020,2020-04-05,Rajasthan Royals,Kolkata Knight Riders,Rajiv Gandhi Stadium,Rajasthan Royals,Kolkata Knight Riders,216,218,20.0,19.0
109,2020,2020-04-27,Delhi Capitals,Rajasthan Royals,Sawai Mansingh Stadium,Delhi Capitals,Delhi Capitals,160,132,18.9,18.8
110,2020,2020-05-23,Punjab Kings,Sunrisers Hyderabad,MA Chidambaram Stadium,Punjab Kings,Punjab Kings,172,151,19.3,18.1
111,2020,2020-05-25,Rajasthan Royals,Mumbai Indians,Sawai Mansingh Stadium,Mumbai Indians,Mumbai Indians,154,193,19.6,18.9
112,2020,2020-04-22,Sunrisers Hyderabad,Royal Challengers Bangalore,Narendra Modi Stadium,Sunrisers Hyderabad,Royal Challengers Bangalore,160,166,19.7,18.6
113,2020,2020-05-16,Punjab Kings,Kolkata Knight Riders,Wankhede Stadium,Kolkata Knight Riders,Kolkata Knight Riders,128,205,18.2,19.0
114,2020,2020-03-06,Delhi Capitals,Sunrisers Hyderabad,Rajiv Gandhi Stadium,Sunrisers Hyderabad,Delhi Capitals,169,149,19.1,18.2
115,2020,2020-04-04,Mumbai Indians,Punjab Kings,Narendra Modi Stadium,Punjab Kings,Punjab Kings,187,190,19.9,19.0
116,2020,2020-03-01,Chennai Super Kings,Kolkata Knight Riders,Rajiv Gandhi Stadium,Kolkata Knight Riders,Kolkata Knight Riders,144,173,19.6,18.5
117,2020,2020-03-19,Chennai Super Kings,Delhi Capitals,Arun Jaitley Stadium,Chennai Super Kings,Delhi Capitals,162,196,18.8,19.4
118,2020,2020-03-23,Mumbai Indians,Royal Challengers Bangalore,MA Chidambaram Stadium,Mumbai Indians,Mumbai Indians,194,154,19.8,19.5
119,2020,2020-05-09,Royal Challengers Bangalore,Punjab Kings,Rajiv Gandhi Stadium,Punjab Kings,Royal Challengers Bangalore,164,127,18.7,19.0
120,2020,2020-05-15,Kolkata Knight Riders,Punjab Kings,M. Chinnaswamy Stadium,Kolkata Knight Riders,Punjab Kings,182,190,19.9,18.8
121,2021,2021-03-05,Mumbai Indians,Rajasthan Royals,MA Chidambaram Stadium,Mumbai Indians,Rajasthan Royals,153,215,18.6,18.4
122,2021,2021-03-03,Chennai Super Kings,Rajasthan Royals,Eden Gardens,Rajasthan Royals,Chennai Super Kings,185,140,18.8,19.0
123,2021,2021-03-16,Rajasthan Royals,Royal Challengers Bangalore,Wankhede Stadium,Royal Challengers Bangalore,Royal Challengers Bangalore,168,180,19.0,19.8
124,2021,2021-05-21,Delhi Capitals,Mumbai Indians,Narendra Modi Stadium,Delhi Capitals,Mumbai Indians,120,140,19.6,19.4
125,2021,2021-03-05,Sunrisers Hyderabad,Rajasthan Royals,M. Chinnaswamy Stadium,Sunrisers Hyderabad,Sunrisers Hyderabad,187,121,19.0,18.5
126,2021,2021-05-21,Chennai Super Kings,Punjab Kings,Eden Gardens,Chennai Super Kings,Punjab Kings,202,204,19.2,19.0
127,2021,2021-04-10,Royal Challengers Bangalore,Mumbai Indians,Narendra Modi Stadium,Mumbai Indians,Royal Challengers Bangalore,160,126,19.7,18.3
128,2021,2021-05-06,Sunrisers Hyderabad,Delhi Capitals,MA Chidambaram Stadium,Delhi Capitals,Delhi Capitals,166,169,18.7,19.7
129,2021,2021-04-08,Delhi Capitals,Sunrisers Hyderabad,Eden Gardens,Sunrisers Hyderabad,Sunrisers Hyderabad,151,187,18.5,19.1
130,2021,2021-04-06,Delhi Capitals,Chennai Super Kings,M. Chinnaswamy Stadium,Delhi Capitals,Delhi Capitals,215,197,18.1,18.1
131,2021,2021-04-22,Punjab Kings,Delhi Capitals,Rajiv Gandhi Stadium,Delhi Capitals,Punjab Kings,187,139,19.7,19.0
132,2021,2021-04-11,Royal Challengers Bangalore,Mumbai Indians,Eden Gardens,Mumbai Indians,Royal Challengers Bangalore,181,135,19.9,20.0
133,2021,2021-05-06,Rajasthan Royals,Royal Challengers Bangalore,Wankhede Stadium,Royal Challengers Bangalore,Royal Challengers Bangalore,122,153,18.5,18.9
134,2021,2021-05-28,Mumbai Indians,Chennai Super Kings,Narendra Modi Stadium,Chennai Super Kings,Mumbai Indians,213,201,18.7,18.4
135,2021,2021-03-24,Sunrisers Hyderabad,Chennai Super Kings,Sawai Mansingh Stadium,Sunrisers Hyderabad,Sunrisers Hyderabad,203,185,18.4,19.2
136,2021,2021-04-25,Punjab Kings,Sunrisers Hyderabad,Wankhede Stadium,Sunrisers Hyderabad,Punjab Kings,141,129,18.7,18.3
137,2021,2021-05-27,Rajasthan Royals,Punjab Kings,Sawai Mansingh Stadium,Punjab Kings,Rajasthan Royals,160,130,18.4,18.6
138,2021,2021-05-21,Royal Challengers Bangalore,Rajasthan Royals,Eden Gardens,Rajasthan Royals,Royal Challengers Bangalore,167,158,19.4,19.6
139,2021,2021-03-22,Kolkata Knight Riders,Mumbai Indians,Eden Gardens,Mumbai Indians,Mumbai Indians,158,177,18.2,19.5
140,2021,2021-05-22,Mumbai Indians,Kolkata Knight Riders,Arun Jaitley Stadium,Mumbai Indians,Mumbai Indians,208,206,19.8,18.1
141,2021,2021-05-16,Sunrisers Hyderabad,Mumbai Indians,Arun Jaitley Stadium,Sunrisers Hyderabad,Sunrisers Hyderabad,176,122,19.1,19.6
142,2021,2021-03-25,Sunrisers Hyderabad,Rajasthan Royals,Eden Gardens,Sunrisers Hyderabad,Rajasthan Royals,181,207,18.9,19.2
143,2021,2021-05-25,Kolkata Knight Riders,Punjab Kings,Narendra Modi Stadium,Kolkata Knight Riders,Kolkata Knight Riders,219,145,18.6,19.2
144,2021,2021-04-25,Mumbai Indians,Chennai Super Kings,M. Chinnaswamy Stadium,Chennai Super Kings,Chennai Super Kings,165,212,18.8,19.4
145,2021,2021-04-21,Punjab Kings,Royal Challengers Bangalore,MA Chidambaram Stadium,Punjab Kings,Punjab Kings,175,148,20.0,18.3
146,2021,2021-05-21,Punjab Kings,Sunrisers Hyderabad,Wankhede Stadium,Sunrisers Hyderabad,Sunrisers Hyderabad,202,211,19.6,18.7
147,2021,2021-03-28,Mumbai Indians,Rajasthan Royals,Eden Gardens,Rajasthan Royals,Rajasthan Royals,148,181,18.5,18.8
148,2021,2021-05-22,Delhi Capitals,Kolkata Knight Riders,M. Chinnaswamy Stadium,Kolkata Knight Riders,Delhi Capitals,190,175,18.0,19.8
149,2021,2021-03-07,Chennai Super Kings,Sunrisers Hyderabad,MA Chidambaram Stadium,Sunrisers Hyderabad,Sunrisers Hyderabad,135,176,18.8,18.3
150,2021,2021-03-09,Chennai Super Kings,Delhi Capitals,M. Chinnaswamy Stadium,Chennai Super Kings,Delhi Capitals,178,201,19.2,18.9
151,2021,2021-04-21,Punjab Kings,Rajasthan Royals,M. Chinnaswamy Stadium,Punjab Kings,Rajasthan Royals,124,166,18.1,18.2
152,2021,2021-04-06,Rajasthan Royals,Sunrisers Hyderabad,Wankhede Stadium,Rajasthan Royals,Rajasthan Royals,166,149,19.2,19.0
153,2021,2021-05-14,Punjab Kings,Chennai Super Kings,Wankhede Stadium,Chennai Super Kings,Chennai Super Kings,143,175,19.8,18.3
154,2021,2021-05-06,Kolkata Knight Riders,Delhi Capitals,MA Chidambaram Stadium,Delhi Capitals,Delhi Capitals,144,169,19.2,19.1
155,2021,2021-04-20,Royal Challengers Bangalore,Kolkata Knight Riders,Sawai Mansingh Stadium,Kolkata Knight Riders,Kolkata Knight Riders,166,212,18.9,19.8
156,2021,2021-03-21,Mumbai Indians,Chennai Super Kings,Arun Jaitley Stadium,Mumbai Indians,Mumbai Indians,206,202,19.4,18.1
157,2021,2021-03-27,Delhi Capitals,Kolkata Knight Riders,Sawai Mansingh Stadium,Delhi Capitals,Delhi Capitals,190,162,19.1,19.2
158,2021,2021-04-05,Royal Challengers Bangalore,Chennai Super Kings,Sawai Mansingh Stadium,Royal Challengers Bangalore,Chennai Super Kings,165,212,19.2,19.9
159,2021,2021-03-27,Sunrisers Hyderabad,Kolkata Knight Riders,Arun Jaitley Stadium,Kolkata Knight Riders,Kolkata Knight Riders,145,176,19.6,18.6
160,2021,2021-05-16,Royal Challengers Bangalore,Mumbai Indians,M. Chinnaswamy Stadium,Mumbai Indians,Mumbai Indians,167,213,18.4,18.8
161,2022,2022-04-06,Kolkata Knight Riders,Sunrisers Hyderabad,Wankhede Stadium,Kolkata Knight Riders,Sunrisers Hyderabad,172,192,19.7,18.9
162,2022,2022-04-21,Delhi Capitals,Royal Challengers Bangalore,Arun Jaitley Stadium,Royal Challengers Bangalore,Delhi Capitals,142,135,18.7,19.2
163,2022,2022-04-20,Kolkata Knight Riders,Rajasthan Royals,M. Chinnaswamy Stadium,Kolkata Knight Riders,Kolkata Knight Riders,204,143,18.6,18.5
164,2022,2022-04-01,Chennai Super Kings,Delhi Capitals,Arun Jaitley Stadium,Delhi Capitals,Delhi Capitals,160,205,18.8,19.0
165,2022,2022-04-02,Sunrisers Hyderabad,Royal Challengers Bangalore,Narendra Modi Stadium,Sunrisers Hyderabad,Sunrisers Hyderabad,196,187,18.6,20.0
166,2022,2022-03-26,Punjab Kings,Royal Challengers Bangalore,MA Chidambaram Stadium,Royal Challengers Bangalore,Punjab Kings,148,130,18.1,18.1
167,2022,2022-04-26,Mumbai Indians,Kolkata Knight Riders,Sawai Mansingh Stadium,Kolkata Knight Riders,Mumbai Indians,203,195,19.9,19.8
168,2022,2022-05-27,Sunrisers Hyderabad,Royal Challengers Bangalore,Rajiv Gandhi Stadium,Sunrisers Hyderabad,Royal Challengers Bangalore,139,199,18.2,18.4
169,2022,2022-05-03,Mumbai Indians,Rajasthan Royals,Arun Jaitley Stadium,Rajasthan Royals,Mumbai Indians,165,151,18.4,18.2
170,2022,2022-03-05,Sunrisers Hyderabad,Mumbai Indians,Rajiv Gandhi Stadium,Mumbai Indians,Mumbai Indians,122,151,18.6,19.4
171,2022,2022-03-16,Mumbai Indians,Royal Challengers Bangalore,Rajiv Gandhi Stadium,Mumbai Indians,Royal Challengers Bangalore,121,189,18.3,19.9
172,2022,2022-03-08,Punjab Kings,Kolkata Knight Riders,Wankhede Stadium,Kolkata Knight Riders,Kolkata Knight Riders,126,177,18.0,19.5
173,2022,2022-03-01,Chennai Super Kings,Kolkata Knight Riders,MA Chidambaram Stadium,Kolkata Knight Riders,Kolkata Knight Riders,204,215,19.1,18.5
174,2022,2022-05-19,Sunrisers Hyderabad,Chennai Super Kings,Sawai Mansingh Stadium,Chennai Super Kings,Chennai Super Kings,178,191,18.4,19.7
175,2022,2022-05-16,Delhi Capitals,Sunrisers Hyderabad,Narendra Modi Stadium,Sunrisers Hyderabad,Delhi Capitals,197,180,18.7,19.6
176,2022,2022-04-06,Kolkata Knight Riders,Sunrisers Hyderabad,M. Chinnaswamy Stadium,Kolkata Knight Riders,Kolkata Knight Riders,195,162,19.1,19.7
177,2022,2022-04-16,Sunrisers Hyderabad,Chennai Super Kings,Wankhede Stadium,Sunrisers Hyderabad,Sunrisers Hyderabad,191,169,19.5,18.5
178,2022,2022-04-06,Punjab Kings,Chennai Super Kings,Eden Gardens,Punjab Kings,Chennai Super Kings,131,143,19.6,18.0
179,2022,2022-04-06,Mumbai Indians,Delhi Capitals,Sawai Mansingh Stadium,Delhi Capitals,Mumbai Indians,197,174,19.7,19.6
180,2022,2022-04-27,Punjab Kings,Kolkata Knight Riders,Wankhede Stadium,Kolkata Knight Riders,Punjab Kings,187,158,18.2,20.0
181,2022,2022-03-15,Royal Challengers Bangalore,Chennai Super Kings,Narendra Modi Stadium,Royal Challengers Bangalore,Royal Challengers Bangalore,150,126,19.7,18.1
182,2022,2022-03-15,Delhi Capitals,Kolkata Knight Riders,Wankhede Stadium,Kolkata Knight Riders,Kolkata Knight Riders,154,209,19.4,18.7
183,2022,2022-03-16,Chennai Super Kings,Rajasthan Royals,Wankhede Stadium,Rajasthan Royals,Chennai Super Kings,172,143,19.9,18.1
184,2022,2022-05-02,Kolkata Knight Riders,Sunrisers Hyderabad,Sawai Mansingh Stadium,Kolkata Knight Riders,Sunrisers Hyderabad,137,190,20.0,18.6
185,2022,2022-05-19,Punjab Kings,Mumbai Indians,Wankhede Stadium,Mumbai Indians,Mumbai Indians,140,145,19.7,19.2
186,2022,2022-03-14,Royal Challengers Bangalore,Chennai Super Kings,Rajiv Gandhi Stadium,Chennai Super Kings,Chennai Super Kings,123,127,18.1,19.8
187,2022,2022-03-24,Rajasthan Royals,Royal Challengers Bangalore,M. Chinnaswamy Stadium,Royal Challengers Bangalore,Rajasthan Royals,218,217,19.2,18.0
188,2022,2022-03-05,Punjab Kings,Sunrisers Hyderabad,M. Chinnaswamy Stadium,Sunrisers Hyderabad,Punjab Kings,184,179,18.6,19.7
189,2022,2022-05-12,Punjab Kings,Delhi Capitals,Rajiv Gandhi Stadium,Punjab Kings,Delhi Capitals,126,134,18.4,18.2
190,2022,2022-03-05,Chennai Super Kings,Delhi Capitals,Eden Gardens,Delhi Capitals,Chennai Super Kings,218,168,19.9,19.9
191,2022,2022-03-21,Chennai Super Kings,Sunrisers Hyderabad,Narendra Modi Stadium,Chennai Super Kings,Sunrisers Hyderabad,143,211,18.6,19.2
192,2022,2022-04-22,Delhi Capitals,Kolkata Knight Riders,M. Chinnaswamy Stadium,Delhi Capitals,Kolkata Knight Riders,207,220,18.2,19.2
193,2022,2022-05-25,Mumbai Indians,Royal Challengers Bangalore,Sawai Mansingh Stadium,Royal Challengers Bangalore,Royal Challengers Bangalore,122,145,18.5,18.1
194,2022,2022-04-06,Royal Challengers Bangalore,Delhi Capitals,Wankhede Stadium,Royal Challengers Bangalore,Delhi Capitals,143,162,18.8,19.6
195,2022,2022-04-20,Delhi Capitals,Punjab Kings,Arun Jaitley Stadium,Punjab Kings,Delhi Capitals,177,153,18.8,18.3
196,2022,2022-05-14,Chennai Super Kings,Punjab Kings,Wankhede Stadium,Punjab Kings,Punjab Kings,165,180,19.9,19.6
197,2022,2022-04-08,Punjab Kings,Chennai Super Kings,M. Chinnaswamy Stadium,Punjab Kings,Chennai Super Kings,188,212,19.6,18.4
198,2022,2022-03-08,Mumbai Indians,Sunrisers Hyderabad,Sawai Mansingh Stadium,Sunrisers Hyderabad,Mumbai Indians,203,148,19.3,19.8
199,2022,2022-03-21,Punjab Kings,Delhi Capitals,Wankhede Stadium,Punjab Kings,Delhi Capitals,123,146,19.7,18.9
200,2022,2022-03-18,Royal Challengers Bangalore,Punjab Kings,Rajiv Gandhi Stadium,Royal Challengers Bangalore,Punjab Kings,163,170,18.1,19.9
201,2023,2023-05-28,Mumbai Indians,Delhi Capitals,Narendra Modi Stadium,Delhi Capitals,Delhi Capitals,153,155,19.2,18.4
202,2023,2023-04-06,Chennai Super Kings,Rajasthan Royals,Sawai Mansingh Stadium,Chennai Super Kings,Rajasthan Royals,134,193,19.9,19.6
203,2023,2023-04-23,Punjab Kings,Sunrisers Hyderabad,Rajiv Gandhi Stadium,Punjab Kings,Punjab Kings,200,123,19.1,18.4
204,2023,2023-05-17,Chennai Super Kings,Royal Challengers Bangalore,Sawai Mansingh Stadium,Royal Challengers Bangalore,Royal Challengers Bangalore,135,187,19.5,18.4
205,2023,2023-03-03,Kolkata Knight Riders,Mumbai Indians,MA Chidambaram Stadium,Mumbai Indians,Mumbai Indians,120,180,19.0,19.1
206,2023,2023-04-22,Punjab Kings,Sunrisers Hyderabad,Eden Gardens,Sunrisers Hyderabad,Sunrisers Hyderabad,140,163,18.8,18.1
207,2023,2023-05-26,Chennai Super Kings,Mumbai Indians,M. Chinnaswamy Stadium,Chennai Super Kings,Chennai Super Kings,213,178,19.5,19.0
208,2023,2023-03-20,Sunrisers Hyderabad,Punjab Kings,Narendra Modi Stadium,Sunrisers Hyderabad,Punjab Kings,134,141,18.0,18.5
209,2023,2023-05-05,Delhi Capitals,Royal Challengers Bangalore,MA Chidambaram Stadium,Royal Challengers Bangalore,Royal Challengers Bangalore,141,214,18.8,19.4
210,2023,2023-04-19,Rajasthan Royals,Sunrisers Hyderabad,Wankhede Stadium,Sunrisers Hyderabad,Sunrisers Hyderabad,186,210,19.7,18.3
211,2023,2023-04-10,Royal Challengers Bangalore,Chennai Super Kings,Wankhede Stadium,Chennai Super Kings,Royal Challengers Bangalore,161,159,19.4,18.1
212,2023,2023-04-04,Sunrisers Hyderabad,Royal Challengers Bangalore,Rajiv Gandhi Stadium,Royal Challengers Bangalore,Royal Challengers Bangalore,138,154,19.1,18.6
213,2023,2023-04-20,Chennai Super Kings,Rajasthan Royals,M. Chinnaswamy Stadium,Chennai Super Kings,Chennai Super Kings,159,143,18.0,18.9
214,2023,2023-05-07,Royal Challengers Bangalore,Delhi Capitals,Wankhede Stadium,Delhi Capitals,Royal Challengers Bangalore,187,144,19.1,18.4
215,2023,2023-03-08,Mumbai Indians,Kolkata Knight Riders,Narendra Modi Stadium,Mumbai Indians,Mumbai Indians,214,159,19.3,18.8
216,2023,2023-04-28,Chennai Super Kings,Delhi Capitals,Wankhede Stadium,Delhi Capitals,Delhi Capitals,148,189,18.4,18.9
217,2023,2023-05-28,Chennai Super Kings,Punjab Kings,Wankhede Stadium,Punjab Kings,Punjab Kings,130,184,19.2,19.4
218,2023,2023-03-11,Punjab Kings,Chennai Super Kings,Eden Gardens,Chennai Super Kings,Chennai Super Kings,170,204,18.6,18.1
219,2023,2023-03-11,Chennai Super Kings,Sunrisers Hyderabad,Sawai Mansingh Stadium,Sunrisers Hyderabad,Chennai Super Kings,148,136,19.3,18.5
220,2023,2023-05-23,Delhi Capitals,Mumbai Indians,M. Chinnaswamy Stadium,Mumbai Indians,Mumbai Indians,134,169,20.0,18.2
221,2023,2023-05-17,Mumbai Indians,Royal Challengers Bangalore,Arun Jaitley Stadium,Royal Challengers Bangalore,Mumbai Indians,201,132,19.5,18.6
222,2023,2023-04-23,Mumbai Indians,Delhi Capitals,MA Chidambaram Stadium,Mumbai Indians,Mumbai Indians,167,165,19.4,19.2
223,2023,2023-03-17,Kolkata Knight Riders,Punjab Kings,Wankhede Stadium,Punjab Kings,Kolkata Knight Riders,155,129,18.1,18.6
224,2023,2023-04-27,Kolkata Knight Riders,Sunrisers Hyderabad,Eden Gardens,Kolkata Knight Riders,Sunrisers Hyderabad,149,170,19.7,19.6
225,2023,2023-04-04,Kolkata Knight Riders,Mumbai Indians,Sawai Mansingh Stadium,Mumbai Indians,Mumbai Indians,148,204,18.3,19.8
226,2023,2023-04-14,Delhi Capitals,Chennai Super Kings,MA Chidambaram Stadium,Delhi Capitals,Delhi Capitals,187,133,18.6,19.4
227,2023,2023-04-19,Kolkata Knight Riders,Royal Challengers Bangalore,M. Chinnaswamy Stadium,Kolkata Knight Riders,Kolkata Knight Riders,163,154,19.6,18.9
228,2023,2023-04-26,Mumbai Indians,Royal Challengers Bangalore,Rajiv Gandhi Stadium,Royal Challengers Bangalore,Royal Challengers Bangalore,153,210,19.7,19.6
229,2023,2023-03-14,Sunrisers Hyderabad,Chennai Super Kings,M. Chinnaswamy Stadium,Sunrisers Hyderabad,Sunrisers Hyderabad,188,133,19.1,19.4
230,2023,2023-03-27,Punjab Kings,Delhi Capitals,Eden Gardens,Punjab Kings,Delhi Capitals,149,202,19.4,19.8
231,2023,2023-05-02,Rajasthan Royals,Mumbai Indians,Wankhede Stadium,Mumbai Indians,Rajasthan Royals,168,151,19.8,18.5
232,2023,2023-05-05,Rajasthan Royals,Delhi Capitals,Sawai Mansingh Stadium,Rajasthan Royals,Rajasthan Royals,193,177,18.8,19.2
233,2023,2023-05-01,Rajasthan Royals,Royal Challengers Bangalore,Wankhede Stadium,Rajasthan Royals,Rajasthan Royals,208,175,18.4,18.1
234,2023,2023-03-09,Punjab Kings,Rajasthan Royals,Rajiv Gandhi Stadium,Punjab Kings,Punjab Kings,202,140,19.4,18.5
235,2023,2023-05-16,Sunrisers Hyderabad,Kolkata Knight Riders,Sawai Mansingh Stadium,Sunrisers Hyderabad,Sunrisers Hyderabad,152,143,18.2,18.1
236,2023,2023-03-16,Rajasthan Royals,Sunrisers Hyderabad,Arun Jaitley Stadium,Sunrisers Hyderabad,Sunrisers Hyderabad,124,149,18.2,18.2
237,2023,2023-04-03,Kolkata Knight Riders,Punjab Kings,Rajiv Gandhi Stadium,Punjab Kings,Kolkata Knight Riders,210,169,18.5,18.7
238,2023,2023-03-19,Rajasthan Royals,Royal Challengers Bangalore,M. Chinnaswamy Stadium,Royal Challengers Bangalore,Rajasthan Royals,186,183,18.9,20.0
239,2023,2023-05-06,Chennai Super Kings,Kolkata Knight Riders,MA Chidambaram Stadium,Kolkata Knight Riders,Kolkata Knight Riders,144,183,19.5,19.7
240,2023,2023-03-04,Mumbai Indians,Rajasthan Royals,M. Chinnaswamy Stadium,Mumbai Indians,Mumbai Indians,169,130,19.1,19.3
241,2024,2024-03-23,Royal Challengers Bangalore,Chennai Super Kings,Arun Jaitley Stadium,Chennai Super Kings,Chennai Super Kings,129,207,18.5,19.5
242,2024,2024-04-28,Delhi Capitals,Punjab Kings,Rajiv Gandhi Stadium,Punjab Kings,Delhi Capitals,188,126,19.1,18.8
243,2024,2024-03-04,Delhi Capitals,Kolkata Knight Riders,Narendra Modi Stadium,Delhi Capitals,Kolkata Knight Riders,134,183,18.5,18.7
244,2024,2024-04-25,Rajasthan Royals,Mumbai Indians,Sawai Mansingh Stadium,Rajasthan Royals,Mumbai Indians,177,216,19.6,19.5
245,2024,2024-03-27,Mumbai Indians,Chennai Super Kings,Rajiv Gandhi Stadium,Chennai Super Kings,Mumbai Indians,173,144,19.3,19.7
246,2024,2024-04-09,Kolkata Knight Riders,Sunrisers Hyderabad,Sawai Mansingh Stadium,Kolkata Knight Riders,Kolkata Knight Riders,159,148,19.8,18.4
247,2024,2024-05-18,Royal Challengers Bangalore,Mumbai Indians,Wankhede Stadium,Royal Challengers Bangalore,Mumbai Indians,171,213,19.7,19.6
248,2024,2024-05-20,Kolkata Knight Riders,Delhi Capitals,Narendra Modi Stadium,Kolkata Knight Riders,Delhi Capitals,147,150,19.3,19.9
249,2024,2024-04-22,Delhi Capitals,Punjab Kings,Wankhede Stadium,Delhi Capitals,Punjab Kings,179,216,19.0,18.5
250,2024,2024-04-11,Chennai Super Kings,Royal Challengers Bangalore,Sawai Mansingh Stadium,Chennai Super Kings,Royal Challengers Bangalore,129,179,18.6,18.5
251,2024,2024-03-25,Delhi Capitals,Royal Challengers Bangalore,MA Chidambaram Stadium,Delhi Capitals,Delhi Capitals,178,124,18.5,18.9
252,2024,2024-05-12,Mumbai Indians,Chennai Super Kings,Sawai Mansingh Stadium,Chennai Super Kings,Chennai Super Kings,162,192,18.7,18.6
253,2024,2024-04-16,Mumbai Indians,Punjab Kings,M. Chinnaswamy Stadium,Punjab Kings,Punjab Kings,160,187,18.7,19.0
254,2024,2024-05-19,Chennai Super Kings,Rajasthan Royals,Sawai Mansingh Stadium,Chennai Super Kings,Rajasthan Royals,141,148,19.3,19.2
255,2024,2024-05-09,Royal Challengers Bangalore,Delhi Capitals,Rajiv Gandhi Stadium,Delhi Capitals,Delhi Capitals,195,218,19.9,18.9
256,2024,2024-05-28,Rajasthan Royals,Delhi Capitals,Sawai Mansingh Stadium,Rajasthan Royals,Rajasthan Royals,184,126,18.2,19.9
257,2024,2024-05-18,Mumbai Indians,Delhi Capitals,Narendra Modi Stadium,Mumbai Indians,Delhi Capitals,129,163,19.6,19.1
258,2024,2024-03-03,Kolkata Knight Riders,Chennai Super Kings,Sawai Mansingh Stadium,Kolkata Knight Riders,Kolkata Knight Riders,207,160,18.1,19.6
259,2024,2024-05-26,Delhi Capitals,Rajasthan Royals,Narendra Modi Stadium,Delhi Capitals,Rajasthan Royals,132,218,19.1,19.1
260,2024,2024-03-05,Kolkata Knight Riders,Rajasthan Royals,Narendra Modi Stadium,Rajasthan Royals,Kolkata Knight Riders,211,126,19.8,19.4
261,2024,2024-05-09,Royal Challengers Bangalore,Rajasthan Royals,Narendra Modi Stadium,Royal Challengers Bangalore,Rajasthan Royals,204,207,18.6,19.6
262,2024,2024-03-25,Mumbai Indians,Punjab Kings,Eden Gardens,Mumbai Indians,Punjab Kings,138,147,19.3,19.2
263,2024,2024-04-12,Chennai Super Kings,Mumbai Indians,Wankhede Stadium,Mumbai Indians,Mumbai Indians,130,136,18.9,19.9
264,2024,2024-05-02,Mumbai Indians,Chennai Super Kings,Narendra Modi Stadium,Chennai Super Kings,Mumbai Indians,208,184,18.6,20.0
265,2024,2024-03-05,Delhi Capitals,Chennai Super Kings,Arun Jaitley Stadium,Chennai Super Kings,Chennai Super Kings,127,210,19.0,19.3
266,2024,2024-05-04,Rajasthan Royals,Sunrisers Hyderabad,Eden Gardens,Sunrisers Hyderabad,Rajasthan Royals,214,204,18.1,18.4
267,2024,2024-05-16,Punjab Kings,Royal Challengers Bangalore,Rajiv Gandhi Stadium,Punjab Kings,Punjab Kings,157,138,19.5,19.0
268,2024,2024-05-22,Mumbai Indians,Chennai Super Kings,Wankhede Stadium,Chennai Super Kings,Mumbai Indians,218,147,19.8,19.5
269,2024,2024-04-21,Kolkata Knight Riders,Delhi Capitals,Rajiv Gandhi Stadium,Delhi Capitals,Kolkata Knight Riders,197,141,19.9,19.7
270,2024,2024-03-18,Rajasthan Royals,Chennai Super Kings,Rajiv Gandhi Stadium,Rajasthan Royals,Chennai Super Kings,161,192,19.9,18.7
271,2024,2024-03-03,Delhi Capitals,Rajasthan Royals,M. Chinnaswamy Stadium,Rajasthan Royals,Rajasthan Royals,145,201,19.7,19.7
272,2024,2024-04-16,Punjab Kings,Mumbai Indians,Narendra Modi Stadium,Mumbai Indians,Mumbai Indians,136,159,19.6,19.4
273,2024,2024-04-17,Chennai Super Kings,Sunrisers Hyderabad,Rajiv Gandhi Stadium,Sunrisers Hyderabad,Sunrisers Hyderabad,185,208,18.6,18.1
274,2024,2024-04-18,Delhi Capitals,Rajasthan Royals,M. Chinnaswamy Stadium,Delhi Capitals,Delhi Capitals,219,128,19.8,19.4
275,2024,2024-05-18,Chennai Super Kings,Rajasthan Royals,Wankhede Stadium,Rajasthan Royals,Chennai Super Kings,209,166,19.4,19.5
276,2024,2024-03-25,Kolkata Knight Riders,Delhi Capitals,M. Chinnaswamy Stadium,Kolkata Knight Riders,Delhi Capitals,121,207,19.9,19.0
277,2024,2024-04-16,Kolkata Knight Riders,Chennai Super Kings,Eden Gardens,Kolkata Knight Riders,Chennai Super Kings,129,214,19.1,19.7
278,2024,2024-03-03,Kolkata Knight Riders,Royal Challengers Bangalore,Eden Gardens,Kolkata Knight Riders,Royal Challengers Bangalore,131,191,18.6,18.4
279,2024,2024-05-17,Mumbai Indians,Delhi Capitals,Narendra Modi Stadium,Mumbai Indians,Delhi Capitals,183,202,19.1,19.2
280,2024,2024-04-19,Sunrisers Hyderabad,Punjab Kings,Eden Gardens,Punjab Kings,Sunrisers Hyderabad,191,121,18.7,19.4
